Unnamed: 0,1960,1961,1962,1963,1964,1965,1966,1967,1968,1969,1970,1971,1972,1973,1974,1975,1976,1977,1978,1979,1980,1981,1982,1983,1984,1985,1986,1987,1988,1989,1990,1991,1992,1993,1994,1995,1996,1997,1998,1999,2000,2001,2002,2003,2004,2005,2006,2007,2008,2009,2010,2011,2012,2013,2014,2015,2016,2017,2018,Unnamed: 60,region
American Samoa,,,,,,,,,,,,,,,,,,,,,,,,,,,,,,,,,,,,,,,,,,,7393.68,7518.32,7814.25,7741.29,7640.22,7592.73,7524.5,7408.52,7168.46,6887.91,6766.62,6988.29,7035.26,7013.7,7098.35,7113.8,7152.7,,East Asia and Pacific
Cambodia,,,,,,,,,,,,,,,,,,,,,,,,,,,,,,,,,,297.83,302.13,316.26,335.91,320.63,344.63,356.91,366.4,367.15,391.55,415.39,458.47,506.39,533.44,545.72,606.23,596.18,638.55,693.95,714.39,743.19,763.94,796.34,836.85,861.77,887.79,,East Asia and Pacific
China,,,,,,,,,,,,,,,,,,,,,,,,,,,,,,,,,,,,452.02,499.22,523.84,554.09,600.76,665.8,708.7,770.23,815.58,878.08,970.56,1064.68,1205.65,1315.57,1446.71,1612.71,1853.21,2025.28,2177.88,2348.38,2528.62,2724.27,2893.25,3154.06,,East Asia and Pacific
Indonesia,358.28,376.28,391.98,366.59,359.69,358.46,343.77,364.11,386.75,398.57,399.03,405.97,422.14,422.7,469.02,476.22,493.39,513.55,542.01,598.56,659.07,751.41,758.93,797.65,811.46,802.65,803.69,814.17,829.92,848.69,916.03,965.99,976.91,1016.99,1079.26,1196.46,1293.28,1374.31,1271.37,1311.85,1314.35,1341.79,1374.48,1408.85,1459.12,1496.67,1523.77,1579.02,1641.41,1698.44,1755.3,1819.43,1894.01,1971.16,2048.28,2120.4,2200.36,2283.04,2373.08,,East Asia and Pacific
Lao People's Democratic Republic,,,,,,,,,,,,,,,,,,,,,,,,,,,,,,,,,,,,,,,,,413.37,485.68,472.54,535.65,583.5,613.8,631.93,624.54,718.79,736.65,850.79,864.42,978.28,1010.73,1042.25,1072.81,1104.27,,,,East Asia and Pacific
Malaysia,930.15,958.37,973.36,973.55,993.92,1017.26,1027.56,1011.31,1001.94,1041.2,1051.07,1089.67,1120.62,1190.56,1267.26,1229.67,1267.9,1361.35,1464.11,1581.52,1738.09,1782.91,1798.66,1812.34,1881.9,1839.13,1609.16,1594.76,1729.91,1903.73,2070.86,2198.41,2242.28,2323.52,2479.01,2699.07,2811.63,2858.66,2502.02,2511.49,2773.47,2795.39,2843.74,3013.42,3245.59,3472.32,3629.61,3930.9,4192.74,4140.11,4350.01,4576.75,4887.53,5170.54,5457.61,5708.72,5961.25,6283.64,6692.1,,East Asia and Pacific
Marshall Islands,,,,,,,,,,,,,,,,,,,,,,,,,,,,,,,,,,,,,,,,,,,,,2588.46,2554.94,2406.93,2483.48,2344.17,2192.83,2176.0,2265.99,2300.28,2463.87,2351.73,2313.01,2385.41,2615.21,2578.26,,East Asia and Pacific
Mongolia,,,,,,,,,,,,,,,,,,,,,,,,,,,,,,,,,,,,,,,,,,,,,,,,,,,1459.55,1659.76,1839.47,2081.31,2168.5,2299.41,2196.66,2271.83,2379.07,,East Asia and Pacific
Myanmar,,,,,,,,,,,,,,,,,,,,,,,,,,,,,,,,,,,,,,,,,,,,,,,,,,,553.03,,,,,,,,,,East Asia and Pacific
Northern Mariana Islands,,,,,,,,,,,,,,,,,,,,,,,,,,,,,,,,,,,,,,,,,,,9815.22,10410.7,10173.0,8767.94,9370.29,9302.52,9276.1,7917.23,8189.58,7925.33,8065.0,8413.3,8694.05,8905.56,9177.52,9750.44,9590.58,,East Asia and Pacific
Palau,,,,,,,,,,,,,,,,,,,,,,,,,,,,,,,,,,,,,,,,,,,,,,7008.0,7132.27,7470.06,7527.55,7199.73,7151.5,7464.57,8068.39,8162.56,8357.94,8787.39,9308.85,9247.67,9237.04,,East Asia and Pacific
Philippines,728.4,739.02,755.65,775.17,780.71,793.76,809.25,825.2,838.63,847.04,847.38,851.16,854.35,878.09,895.27,912.3,931.7,954.25,976.92,996.7,1013.52,1012.33,1019.06,997.63,973.44,936.47,941.91,954.16,987.19,1010.06,1037.67,1035.04,1043.04,1049.37,1063.06,1078.24,1102.53,1131.73,1145.01,1165.32,1199.7,1222.36,1258.08,1300.25,1350.9,1384.27,1416.53,1456.68,1485.42,1495.21,1519.77,1577.81,1653.95,1717.68,1783.44,1866.66,1969.93,2055.89,2140.15,,East Asia and Pacific
Thailand,460.11,460.24,480.53,490.36,503.06,520.62,538.96,577.19,617.68,631.32,637.85,631.13,652.26,689.4,703.7,722.69,760.12,801.54,833.38,875.38,904.05,905.69,908.58,959.66,984.19,980.43,997.0,1063.99,1137.18,1244.64,1385.41,1443.32,1553.15,1668.71,1783.7,1912.15,1986.25,1935.19,1716.96,1766.31,1870.97,1962.99,2067.88,2203.26,2350.7,2433.69,2486.79,2502.37,2559.78,2524.02,2648.61,2684.26,2851.18,2864.81,2874.54,2929.49,3002.93,3081.8,3214.53,,East Asia and Pacific
Timor-Leste,,,,,,,,,,,,,,,,,,,,,,,,,,,,,,,,,,,,,,,,,658.53,732.29,703.54,638.87,635.74,611.31,528.16,548.35,508.08,564.65,575.75,572.63,580.68,599.82,622.02,604.76,640.1,633.67,,,East Asia and Pacific
Tonga,,,,,,,,,,,,,,,,,,,,,,,,,,,,,,,,,,,,,,,,,,,,,,,,,,,3481.78,,,,,,,,,,East Asia and Pacific
Vanuatu,,,,,,,,,,,,,,,,,,,,,,,,,,,,,,,,,,,,,,,,,,,,,1822.8,1823.35,1832.22,1784.72,1794.34,1796.86,1796.97,1801.72,1805.57,1816.16,1835.32,,,,,,East Asia and Pacific
Vietnam,,,,,,,,,,,,,,,,,,,,,,,,,,,,,,,,,,,390.56,411.7,442.29,461.97,476.53,483.21,492.62,509.34,542.87,580.89,616.4,655.07,697.45,758.47,808.83,818.99,877.21,903.86,938.14,976.39,1025.29,1109.31,1178.06,1251.85,1329.47,,East Asia and Pacific
Albania,,,,,,,,,,,,,,,,,,,,,,,,,,,,,,,,,,,,,1006.08,829.88,993.63,1220.88,1336.38,1426.9,1567.48,1796.92,1888.47,2037.54,2238.77,2603.91,2987.19,3128.24,3198.07,3264.48,3274.66,3341.23,3442.24,,,,,,Europe and Central Asia
Armenia,,,,,,,,,,,,,,,,,,,,,,,,,,,,,,,,,,,864.06,966.99,1022.16,1116.43,1179.18,1195.55,1301.86,1404.21,1528.85,1648.57,1805.6,1982.57,2163.63,2471.19,2626.1,2525.76,2631.56,2695.44,2932.39,2945.39,2959.52,2718.12,2680.37,3011.25,3147.0,,Europe and Central Asia
Azerbaijan,,,,,,,,,,,,,,,,,,,,,,,,,,,,,,,,,1158.11,852.07,615.34,592.48,642.24,711.77,803.05,893.15,1078.48,1036.73,1156.92,1214.52,1332.18,1598.15,2155.61,2516.81,2626.81,2737.21,2299.88,2812.78,2836.72,,,,,,,,Europe and Central Asia
Belarus,,,,,,,,,,,,,,,,,,,,,,,,,,,,,,,1101.86,1032.63,973.92,924.15,795.85,705.37,745.47,830.02,944.46,1034.71,1119.93,1320.51,1475.66,1592.91,1754.58,2025.27,2296.59,2615.6,3053.29,3060.11,3355.06,3435.44,3806.07,4210.82,4387.15,4278.56,4136.9,4332.06,4692.72,,Europe and Central Asia
Bosnia and Herzegovina,,,,,,,,,,,,,,,,,,,,,,,,,,,,,,,,,,,,,,,,,,,,,,,3774.5,4046.45,4055.63,3891.48,3928.82,3967.22,4011.81,4084.54,4236.06,4378.13,4534.57,4678.87,4835.61,,Europe and Central Asia
Bulgaria,,,,,,,,,,,,,,,,,,,,,2374.32,2473.55,2596.43,2649.73,2779.82,2776.86,2830.47,2987.84,3180.26,3094.89,3330.72,2521.23,2487.29,2434.5,2335.3,2781.29,2889.88,1963.93,1937.64,2090.69,2296.41,2522.16,2727.28,2924.06,3222.34,3488.8,3815.34,4279.61,4457.33,4289.58,4330.49,4471.94,4647.34,4552.38,4711.31,4921.81,5130.04,5364.23,5639.0,,Europe and Central Asia
Croatia,,,,,,,,,,,,,,,,,,,,,,,,,,,,,,,,,,,,5253.11,5424.72,6097.48,6024.26,5872.9,6200.26,6779.6,7420.26,7762.99,8114.2,8474.86,8581.9,9015.13,9288.37,8475.32,8365.41,8483.74,8307.27,8203.44,8036.41,8132.65,8446.4,8815.33,9177.63,,Europe and Central Asia
Czech Republic,,,,,,,,,,,,,,,,,,,,,,,,,,,,,,,6827.61,5377.51,5845.35,5911.91,6156.92,6446.83,6940.64,7148.84,7111.81,7337.46,7475.91,7718.25,7961.91,8345.0,8633.03,8904.62,9215.94,9545.85,9740.41,9624.56,9697.45,9701.9,9570.85,9616.87,9779.43,10120.8,10468.8,10884.8,11217.6,,Europe and Central Asia
Estonia,,,,,,,,,,,,,,,,,,,,,,,,,,,,,,,,,,3064.38,3157.99,3378.04,3764.37,4311.97,4509.28,4515.08,4809.95,5175.03,5714.73,6306.59,6857.2,7565.05,8585.09,9352.93,8958.92,7748.52,7696.15,7990.43,8370.07,8699.44,9039.14,9481.93,9911.85,10175.5,10580.0,,Europe and Central Asia
Georgia,,,,,,,,,,,,,,,,,,,,,,,,,,,,,,,,,,,,,,,,,,,,,,,,,,,2625.25,2822.68,2970.35,2976.96,3071.69,3071.39,3052.43,3091.86,,,Europe and Central Asia
Hungary,,,,,,,,,,,,,,,,,,,,,,,,,,,,,,,,4965.35,5055.31,5282.58,5313.84,4931.1,4818.9,4926.82,5177.0,5537.13,5723.7,5997.18,6488.41,7055.41,7213.37,7434.45,7561.41,7651.83,7567.69,7070.12,6888.56,6950.48,6816.54,6838.03,7017.55,7304.98,7682.71,8068.93,8472.65,,Europe and Central Asia
Kazakhstan,,,,,,,,,,,,,,,,,,,,,,,,,,,,,,,3410.53,3235.03,3200.8,2919.41,2264.53,1833.04,1765.48,1850.95,1870.2,1897.16,1927.16,2085.87,2140.0,2384.17,2695.66,2957.36,3293.76,3608.49,3827.89,3745.49,4116.23,4541.87,4929.54,5376.07,5367.83,5386.2,5375.68,5369.1,5579.22,,Europe and Central Asia
Kosovo,,,,,,,,,,,,,,,,,,,,,,,,,,,,,,,,,,,,,,,,,,,,,,,2355.3,2617.15,2716.8,2757.45,2830.14,2905.85,3061.64,3217.56,3532.38,3810.14,4030.5,4071.68,4233.43,,Europe and Central Asia
Kyrgyz Republic,,,,,,,,,,,,,,,,,,,,,,,,,,,,,,,,,,627.72,517.17,426.51,445.48,400.18,465.16,459.81,431.21,436.44,452.96,561.84,599.85,644.02,761.42,773.51,867.65,732.63,744.47,805.15,881.27,933.89,941.95,913.56,889.6,929.57,946.75,,Europe and Central Asia
Latvia,,,,,,,,,,,,,,,,,,,,,,,,,,,,,,,,,,,,3358.08,3584.7,3814.44,3888.8,4053.88,4181.17,4453.46,4777.26,5210.26,5815.71,6476.83,7814.94,8683.85,8079.82,6885.05,7154.74,7553.55,7926.88,8466.08,8636.09,8927.76,9145.29,9513.37,9995.99,,Europe and Central Asia
Lithuania,,,,,,,,,,,,,,,,,,,,,,,,,,,,,,,,,,,,3198.05,3425.66,3644.88,3845.85,4065.68,4383.1,4603.54,4927.96,5529.77,6200.08,7033.14,7796.5,8869.42,9306.45,7777.48,7650.88,8165.5,8531.99,8997.57,9419.47,9895.49,10426.6,10939.3,11506.3,,Europe and Central Asia
Moldova,,,,,,,,,,,,,,,,,,,,,,,,,,,,,,,,,,,,584.63,697.1,768.98,814.37,750.32,906.86,964.34,1023.6,1216.39,1295.0,1476.01,1595.56,1656.84,1756.27,1616.05,1766.49,1930.48,1948.57,2073.68,2188.56,2136.86,2200.57,2318.67,2410.1,,Europe and Central Asia
Montenegro,,,,,,,,,,,,,,,,,,,,,,,,,,,,,,,,,,,,,,,,,,,,,,,5066.81,5656.7,6276.55,5370.81,5467.99,5487.54,5268.82,5347.29,5494.83,5613.96,5913.6,6145.62,6428.02,,Europe and Central Asia
North Macedonia,,,,,,,,,,,,,,,,,,,,,,,,,,,,,,,2122.68,1959.98,1762.7,1928.44,2104.67,2027.0,2080.69,2134.31,2191.67,2255.97,2501.1,2239.64,2454.91,2559.56,2746.47,2938.88,3044.04,3272.11,3425.64,3309.67,3431.82,3245.15,3281.23,3339.41,3409.63,3558.03,3693.51,3717.01,3822.57,,Europe and Central Asia
Poland,,,,,,,,,,,,,,,,,,,,,,,,,,,,,,,,,,,,4009.62,4349.79,4665.99,4891.13,5161.17,5365.5,5474.61,5692.58,5786.82,6036.17,6146.05,6445.16,6812.97,7272.18,7528.04,7756.92,7996.87,8056.74,8087.78,8287.72,8541.48,8881.91,9278.93,9672.17,,Europe and Central Asia
Romania,,,,,,,,,,,,,,,,,,,,,,,,,,,,,,,2247.66,1999.95,1905.38,1931.7,2007.83,2248.32,2425.2,2320.52,2464.3,2364.63,2404.29,2641.32,2880.99,3145.02,3664.02,4100.56,4545.95,5252.2,5805.2,5481.98,5239.57,5339.18,5469.34,5497.73,5778.44,6151.75,6674.95,7386.54,7817.6,,Europe and Central Asia
Russian Federation,,,,,,,,,,,,,,,,,,,,,,,,,,,,,,,2622.24,2496.03,2420.09,2451.92,2484.42,2414.21,2237.27,2348.91,2275.56,2217.47,2385.36,2617.62,2847.56,3075.11,3455.83,3871.92,4350.95,4975.4,5498.57,5214.99,5496.33,5859.67,6307.74,6618.64,6630.71,5999.31,5875.35,6063.2,6203.35,,Europe and Central Asia
Serbia,,,,,,,,,,,,,,,,,,,,,,,,,,,,,,,,,,,,2086.23,2164.53,2438.59,2522.17,2222.61,2408.98,2561.34,2760.67,2918.99,3253.51,3550.68,3940.21,4260.06,4470.46,4338.29,4329.16,4425.07,4370.87,4318.11,4334.11,4340.44,4417.86,4527.4,4691.63,,Europe and Central Asia
Slovak Republic,,,,,,,,,,,,,,,,,,,,,,,,,,,,,,,,,,4896.12,4925.13,5175.68,5567.73,5765.92,6043.81,5998.26,6158.08,6496.32,6866.48,6932.34,7437.78,7772.75,8263.39,8910.93,9527.99,9498.79,9566.6,9371.16,9392.77,9271.93,9436.84,9688.45,10052.0,10470.4,10859.8,,Europe and Central Asia
Slovenia,,,,,,,,,,,,,,,,,,,,,,,,,,,,,,,8076.24,7187.0,6935.49,7918.11,8246.17,8994.31,9247.63,9524.16,9822.42,10464.9,10420.7,10701.5,10943.9,11320.5,11600.2,11819.4,11933.8,12640.8,12982.9,13132.9,13203.1,13280.2,12962.1,12435.0,12624.5,12870.9,13422.0,13716.3,14178.8,,Europe and Central Asia
Tajikistan,,,,,,,,,,,,,,,,,,,,,,,,,,,,,,,,,,704.75,439.33,521.07,362.46,476.02,537.26,480.38,568.82,585.92,627.71,659.22,689.02,717.1,743.48,768.12,791.01,812.15,831.55,849.31,865.51,880.16,,,,,,,Europe and Central Asia
Turkey,,,,,,,,,,,,,,,,,,,,,,,,,,,,4169.72,4143.1,4027.71,4477.09,4486.62,4559.57,4865.43,4534.12,4713.81,5033.23,5369.63,5344.27,5242.02,5397.29,4960.85,5082.21,5416.84,5853.02,6140.8,6287.08,6540.19,6480.69,6160.43,6729.6,7439.13,7549.77,8007.8,8107.05,8405.88,8572.79,8963.83,8835.1,,Europe and Central Asia
Turkmenistan,,,,,,,,,,,,,,,,,,,,,,,,,,,,,,,,,,,,,,,,,,,,,,,,,,,223.95,,,,,,,,,,Europe and Central Asia
Ukraine,,,,,,,,,,,,,,,,,,,,,,,,,,,,,,,1369.76,1238.75,1120.83,829.39,759.65,752.65,688.88,693.36,711.31,703.31,727.4,801.24,880.32,982.06,1108.89,1332.36,1547.45,1821.51,2066.65,1765.75,1890.93,2193.28,2377.26,2546.98,2476.33,1997.93,2059.73,2261.4,2472.36,,Europe and Central Asia
Uzbekistan,,,,,,,,,,,,,,,,,,,,,,,,,,,,,,,,,,,,,,,,,,,,,,,,,,,932.11,1029.73,1124.27,1218.97,1326.69,1458.43,1567.9,1601.46,1642.57,,Europe and Central Asia
Argentina,,,,,,,,,,,,,,,,,,,,,,,,,,,,,,,,,,4850.7,5080.37,4798.62,5004.12,5390.45,5514.97,5344.93,5251.56,4896.28,4148.27,4439.29,4809.98,5112.3,5615.11,6078.48,6454.46,6045.34,6671.33,7212.7,7210.34,7389.56,6990.23,7168.12,7037.39,7242.37,6998.94,,Latin America and the Caribbean
Barbados,,,,,,,,,,,,,,,,,,,,,,,,,,,,,,,,,,,,,,,,,,,,,,,,,,,9598.05,,,,,,,,,,Latin America and the Caribbean
Belize,,,,,,,,,,,,,,,,,,,,,1819.95,1407.87,1554.99,1395.94,1155.83,1055.5,949.94,1099.86,1256.5,1371.21,1440.13,1565.47,2702.31,2696.3,2789.62,2844.82,2798.61,2760.4,2836.1,2970.61,3103.71,3301.51,3424.6,3458.36,3361.81,3209.03,3049.7,3070.41,2935.4,2981.82,3005.08,3070.89,3037.65,3117.76,3072.0,3150.56,3251.63,3051.88,2905.14,,Latin America and the Caribbean
Bolivia,694.54,730.66,717.59,743.01,734.25,771.45,813.13,844.74,851.69,888.28,926.56,939.15,928.07,983.09,992.19,1010.44,1065.58,1095.96,1041.97,1028.28,1025.23,1008.29,948.37,886.83,868.89,885.13,910.07,918.89,907.7,904.54,915.51,926.16,939.07,950.13,957.84,965.95,977.37,1009.9,1042.03,1050.03,1053.65,1046.88,1048.42,1048.62,1059.71,1075.63,1099.98,1126.31,1168.14,1191.04,1218.22,1260.99,1298.12,1353.58,1405.07,1455.94,1483.28,1531.1,1574.41,,Latin America and the Caribbean
Brazil,1935.0,2053.09,2121.0,2045.82,2055.6,2019.12,2047.62,2168.32,2359.69,2203.17,2542.77,2802.97,3051.83,3252.91,3558.32,3291.63,3776.63,4111.99,4091.95,4417.0,4698.99,4482.44,4520.79,4644.85,4972.54,4806.21,4747.94,4471.54,4444.56,4192.86,4237.8,4508.52,4403.58,4527.43,4785.59,5115.18,5188.81,5263.23,5146.05,5089.57,5219.95,5188.79,5188.66,5095.85,5232.55,5401.68,5625.47,5922.38,6242.84,6458.62,6796.89,7059.43,7241.48,7427.67,7530.09,7227.0,6889.36,6926.75,7003.01,,Latin America and the Caribbean
Chile,2261.45,2342.08,2387.97,2438.7,2376.76,2330.14,2546.86,2588.07,2642.46,2736.34,2676.47,2980.06,3158.88,2904.65,2336.8,2037.94,2011.84,2298.48,2434.42,2554.24,2691.71,3009.24,2529.99,2352.11,2333.53,2276.87,2357.14,2488.12,2620.56,2839.79,2854.84,3057.26,3421.92,3616.76,3851.33,4166.31,4494.71,4771.72,4939.64,4830.83,4971.8,5016.89,5069.31,5243.26,5618.72,5988.94,6368.05,6746.1,6951.41,6818.85,7470.26,8002.6,8405.47,8704.49,8842.67,8924.68,9039.92,9176.64,9414.77,,Latin America and the Caribbean
Colombia,1729.74,1791.33,1871.09,1902.09,2026.43,1924.95,2002.37,1987.37,2062.03,2159.25,2238.37,2352.0,2432.0,2493.7,2586.44,2604.64,2724.87,2772.22,2938.58,2997.77,3061.7,3082.62,3060.8,3009.04,3030.09,3023.04,3057.43,3109.47,3162.16,3200.45,3232.75,3219.76,3253.45,3386.13,3519.72,3643.82,3616.78,3640.26,3550.6,3304.3,3316.67,3315.64,3330.71,3378.42,3459.57,3551.81,3730.49,3949.42,4062.25,4055.11,4219.23,4453.87,4647.55,4789.19,4960.34,5054.39,5065.07,5092.54,5195.92,,Latin America and the Caribbean
Costa Rica,2231.21,2528.29,2457.01,2547.7,2587.26,2983.89,2894.12,2954.72,3043.64,3089.78,3302.32,3254.12,3320.2,3373.67,3458.82,3446.25,3498.84,3873.36,4087.09,4074.31,3894.06,3466.61,3049.68,3133.91,3271.24,3321.59,3404.57,3440.22,3423.88,3506.95,3558.11,3433.28,3665.72,3908.73,4005.13,3990.67,3966.28,4060.54,4149.31,4120.35,4077.95,4101.44,4196.42,4296.59,4342.37,4486.74,4650.33,4938.02,5157.53,5139.96,5324.7,5588.47,5862.18,5964.68,6143.19,6357.62,6539.87,6653.6,6715.87,,Latin America and the Caribbean
Cuba,,,,,,,,,,,1367.87,1459.07,1502.82,1528.63,1520.62,1641.99,1710.55,1842.67,1950.06,1960.34,1847.08,2195.8,2395.65,2521.27,2717.3,2662.62,2665.72,2690.36,2722.6,2737.56,2534.89,2259.02,1844.98,1628.04,1712.46,1729.7,1789.09,1822.06,1848.05,1934.48,1967.51,2035.71,2072.61,2195.33,2224.94,2231.13,2648.66,2691.26,2647.07,2673.25,2883.44,2921.0,3010.59,3158.76,3296.5,3533.32,3676.29,3736.57,3820.78,,Latin America and the Caribbean
Dominican Republic,1014.75,985.38,1158.32,1225.74,1280.67,1056.25,1221.01,1233.51,1212.54,1262.75,1443.87,1469.77,1493.84,1608.19,1675.34,1738.92,1786.98,1843.02,1796.47,1713.59,2010.82,1966.71,2006.49,2017.23,2022.08,1946.42,1988.38,2184.44,2305.21,2378.94,2121.64,2142.06,2378.1,2432.79,2389.73,2491.43,2537.47,2695.07,2734.37,2850.18,2901.01,2902.0,2966.94,2848.5,2885.49,3205.21,3449.96,3603.13,3751.34,3912.13,4129.95,4256.97,4286.42,4330.55,4507.9,4743.68,4973.85,5133.25,5366.58,,Latin America and the Caribbean
Ecuador,1327.28,1358.46,1409.83,1409.69,1487.22,1481.22,1448.68,1453.62,1478.8,1514.43,1598.2,1633.26,1554.6,1585.01,1784.6,1980.4,2068.21,2088.17,2080.11,2186.49,2297.43,2404.05,2417.58,2269.44,2253.45,2286.74,2236.51,2321.67,2203.1,2154.1,2232.91,2269.62,2240.89,2260.09,2309.36,2349.55,2328.85,2416.36,2530.4,2178.27,2154.4,2273.68,2392.19,2422.3,2535.2,2603.52,2671.7,2738.71,2839.16,2765.64,2931.97,3035.27,3076.02,3148.97,3185.5,3131.49,3004.29,3061.65,3087.87,,Latin America and the Caribbean
El Salvador,,,,,,1924.44,2029.0,2065.46,2021.89,1997.65,2061.74,2070.61,2106.48,2200.32,2189.45,2152.41,2338.77,2578.03,2557.26,2256.15,1969.28,1727.24,1544.96,1542.5,1564.93,1576.23,1544.83,1532.05,1533.02,1542.0,1932.34,1917.77,2032.91,2122.51,2224.2,2334.83,2346.5,2354.43,2316.21,2356.38,2391.87,2407.75,2411.58,2417.57,2443.69,2524.29,2632.08,2805.19,2780.75,2583.79,2603.19,2632.35,2705.48,2786.6,2769.24,2838.24,2879.72,2927.32,2992.0,,Latin America and the Caribbean
Guatemala,1309.36,1327.56,1363.11,1410.38,1440.29,1440.32,1447.6,1475.61,1497.95,1536.84,1580.15,1624.95,1684.2,1731.78,1748.9,1754.06,1824.73,1922.2,1969.35,2003.53,2020.9,1998.05,1890.35,1818.06,1793.85,1744.77,1717.86,1743.38,1773.11,1784.42,1778.75,1813.72,1855.1,1890.07,1936.14,1991.45,2001.41,2035.4,2081.41,2107.5,2132.04,2161.76,2182.59,2213.95,2245.96,2288.56,2341.92,2413.51,2463.44,2403.01,2432.46,2467.32,2491.17,2529.57,2574.31,2668.62,2724.91,2766.75,2830.82,,Latin America and the Caribbean
Guyana,,,,,,,,,,,,,,,,,,,,,,,,,,,,,,,,,,,,,,,,,,,,,,,,,,,2651.96,2885.54,3013.43,3246.75,2976.37,2889.55,2350.62,2616.76,2250.04,,Latin America and the Caribbean
Haiti,,,,,,,,,,,,,,,,,,,,,,,,,,,,,,,,,,,,,,,,,,,,,,,,,,,774.5,739.51,679.93,685.86,688.45,675.01,671.59,661.95,661.11,,Latin America and the Caribbean
Honduras,,,,,,,,,,,,,,,,,,,,,,,,,,,,,,,,,,,,,,,,,1206.12,1227.75,1246.38,1268.83,1299.7,1346.93,1430.36,1483.35,1494.73,1464.62,1487.63,1511.54,1546.96,1576.45,1588.38,1621.86,1658.0,1706.6,1751.98,,Latin America and the Caribbean
Jamaica,,,,,,,,,,,,,,,,,,,,,,,,,,,,,,,,,,,,,,,,,,,,,,,,4320.26,4432.16,3922.29,3853.71,3979.18,3917.57,3867.6,3813.13,3788.39,3762.87,3787.94,3802.49,,Latin America and the Caribbean
Mexico,2051.63,2064.05,2088.82,2157.79,2317.95,3133.49,3186.25,3294.28,3410.11,3521.37,3647.59,3694.47,3837.99,3985.33,4026.67,4105.27,4144.79,4149.08,4325.76,4593.75,4944.72,5183.35,4937.73,4567.04,4611.61,4661.31,4446.29,4350.59,4342.36,4548.01,4734.12,4874.45,4974.03,4896.58,5068.64,4692.28,4826.85,5107.69,5353.47,5529.99,5839.37,5902.28,5920.4,5970.42,6339.69,6504.28,6410.25,6474.18,6423.26,5933.46,6058.8,6175.66,6235.04,6261.63,6311.96,6403.39,6563.87,6695.6,6773.27,,Latin America and the Caribbean
Nicaragua,1167.58,1223.67,1325.99,1413.83,1495.7,1593.95,1590.63,1711.35,1653.14,1629.11,1594.35,1577.93,1553.72,1602.35,1668.82,1701.72,1726.49,1804.23,1645.17,1163.71,1331.28,1110.79,941.35,864.81,800.0,717.55,643.13,611.12,858.76,792.97,657.69,865.16,902.15,856.36,857.74,871.07,892.84,927.9,960.66,977.43,1018.07,1051.57,1081.95,1084.78,1090.72,1112.46,1128.61,1166.26,1187.37,1191.04,1210.51,1225.58,1258.6,1289.56,1326.62,1378.18,1438.06,1502.11,1412.21,,Latin America and the Caribbean
Panama,1226.07,1277.22,1301.94,1405.67,1456.45,1539.63,1513.2,1587.39,1579.38,1733.08,1760.71,1825.3,1776.17,1774.96,1916.11,1815.73,1774.41,1851.43,2011.86,2085.23,2173.16,2517.08,2201.98,2346.7,2648.14,2831.83,2868.83,2736.05,2453.34,2990.16,2557.57,2957.69,3123.03,3189.09,3043.16,2827.76,2810.54,2987.99,3470.44,3416.94,3345.84,3384.59,3550.77,3788.85,3879.86,4143.74,4267.84,4206.52,4341.29,4415.61,4636.22,4813.34,4913.25,5198.27,5490.96,5549.66,5802.54,5881.97,,,Latin America and the Caribbean
Paraguay,,,1199.05,1230.98,1235.37,1226.97,1174.3,1252.37,1262.29,1271.09,1308.43,1353.2,1380.85,1381.86,1497.21,1600.61,1630.01,1792.66,1854.04,1828.43,2044.89,2173.08,2234.42,2151.29,2183.92,2172.41,2156.22,2241.29,2234.3,2156.16,2336.61,2310.55,2327.04,2347.91,2427.2,2449.76,2406.17,2422.59,2359.03,2277.55,2198.78,2274.85,2169.83,2297.43,2364.6,2347.92,2405.0,2489.22,2639.96,2614.57,2809.49,2906.4,2958.17,3056.82,3183.44,3251.45,3322.74,3428.76,3515.37,,Latin America and the Caribbean
Peru,1777.73,1802.37,1966.65,2083.94,2152.25,2238.09,2391.92,2487.68,2388.62,2404.59,2393.25,2434.29,2422.11,2533.31,2694.08,2712.93,2666.46,2544.05,2278.72,2208.5,2305.7,2417.67,2302.85,2122.83,2130.69,2118.28,2381.12,2591.2,2323.27,1902.26,1852.61,1883.0,1832.87,1878.08,2017.52,2168.81,2179.38,2217.38,2135.68,2071.14,2092.78,2087.03,2164.33,2196.75,2250.66,2312.79,2435.83,2624.94,2835.56,2899.3,3137.55,3336.3,3554.91,3724.97,3841.47,3945.95,4033.37,4071.79,4150.21,,Latin America and the Caribbean
St. Lucia,,,,,,,,,,,,,,,,,,,,,,,,,,,,,,,,,,,,,,,,,,,,,,,,,,,5056.09,,,,,,,,,,Latin America and the Caribbean
Suriname,,,,,,,,,,,,,,,,,,,,,,,,,,,,,,,,,,,,,,,,,,,,,,,,,,,2965.56,,,,,,,,,,Latin America and the Caribbean
Uruguay,3989.75,3825.42,3971.92,3752.23,3941.58,3599.44,3779.85,3653.78,3589.46,3857.72,4079.75,4058.47,4109.78,4149.5,4036.71,4143.01,3978.13,3924.32,4017.69,4185.99,4516.05,4609.28,4136.39,3600.14,3539.03,3603.67,3973.95,4573.43,4526.9,4531.66,4338.79,4525.3,5139.14,5397.17,5833.62,5578.94,5997.36,6304.4,6612.06,6552.13,6365.95,6096.49,5515.58,5298.38,5510.41,5833.98,6203.71,6631.06,7215.83,7360.77,8029.8,8579.71,8975.91,9442.82,9691.51,9611.75,9586.53,9993.0,10107.3,,Latin America and the Caribbean
"Venezuela, Republica Bolivariana de",3480.02,3389.28,3373.57,3356.57,3563.44,3702.84,3707.19,3704.47,3813.85,3886.62,4067.81,4007.62,4141.05,4288.81,3641.4,4766.75,5359.49,5839.69,6150.47,6018.46,6394.07,6513.72,6549.25,6241.06,5971.86,5833.5,5853.38,5933.2,6077.22,5575.69,5599.44,5906.58,6254.4,6124.06,5726.73,5660.37,5301.14,5335.86,5328.71,5138.27,5278.35,5491.44,5008.87,4710.67,5345.27,6083.16,6914.18,7963.84,8347.96,7989.66,7727.67,7913.84,8332.94,8603.1,8241.46,7498.48,6093.62,5187.41,4221.99,,Latin America and the Caribbean
Algeria,774.45,573.74,447.8,773.47,824.88,846.43,664.3,648.69,680.31,712.56,767.81,790.07,902.95,891.39,1083.94,1172.73,1231.77,1327.39,1289.31,1372.43,1469.63,1550.49,1531.9,1579.76,1611.63,1662.14,1599.54,1465.74,1300.57,1407.61,1323.6,1196.27,1224.79,1167.62,1137.22,1138.86,1092.18,1051.49,1057.54,1073.45,1084.38,1120.58,1151.74,1187.17,1245.44,1283.52,1305.25,1353.27,1421.84,1482.81,1537.84,1599.7,1647.22,1695.29,1734.26,1765.41,1786.64,1781.98,1795.47,,Middle East and North Africa
"Egypt, Arab Republic of",883.59,893.84,919.09,952.02,983.32,1011.12,1044.95,1039.45,1041.18,1048.66,1067.33,1073.38,1079.05,1077.36,1039.52,1013.54,1124.3,1125.91,1087.94,1003.59,1089.55,1055.73,1054.81,1114.05,1154.86,1180.09,1195.54,1210.16,1235.37,1258.87,1283.67,1305.13,1319.46,1331.56,1360.11,1377.47,1403.87,1433.82,1461.21,1497.25,1542.07,1573.28,1574.84,1581.79,1585.67,1632.49,1707.04,1793.76,1863.12,1932.31,1972.32,2037.91,2122.46,2144.09,2188.34,2206.48,2260.09,2306.05,2284.54,,Middle East and North Africa
"Iran, Islamic Republic of",835.96,802.54,784.94,780.08,769.08,722.67,736.09,782.41,842.46,808.48,850.31,913.38,1020.34,1048.69,1155.18,1370.92,1748.76,1689.23,1750.97,1725.23,1718.66,1577.18,1558.89,1604.62,1762.2,1783.46,1743.54,1507.72,1365.22,1331.81,1298.69,1539.45,1645.99,1694.06,1722.18,1623.41,1503.99,1543.01,1650.28,1677.28,1657.81,1810.76,1897.65,2082.15,2088.33,2405.58,2558.38,2853.07,2721.16,2746.84,2834.23,2924.18,2825.71,2738.77,2759.36,2627.84,2691.04,2720.22,,,Middle East and North Africa
Iraq,,,,,,,,,,,,,,,,,,,,,,,,,,,,,,,,,,,,,,,,,,,,,,,,,,,2069.83,,,,,,,,,,Middle East and North Africa
Jordan,,,,,,,,,,,,,,,,,1582.54,1830.0,2131.64,2549.64,2657.4,2629.46,2821.04,2781.09,2928.96,2975.47,2688.68,2741.65,2521.09,2310.09,1999.1,1876.37,2103.25,1940.17,1814.73,1784.44,1904.82,1955.35,2036.81,2023.82,2311.78,2389.35,2349.09,2406.97,2683.32,2749.9,2716.52,2898.23,3098.66,2868.79,2691.18,2615.26,2737.58,2743.82,2549.76,2488.19,2384.94,2429.63,2443.98,,Middle East and North Africa
Lebanon,,,,,,,,,,,,,,,,,,,,,,,,,,,,,,,2590.62,3427.65,5043.33,5538.38,5369.07,5422.3,5454.52,5192.38,5240.76,5216.56,5158.81,5230.47,5116.13,5046.42,5088.85,4790.69,4892.09,5243.44,5748.74,6430.5,6791.55,6386.54,6267.86,5916.35,6073.18,5931.0,6169.71,6326.83,6206.78,,Middle East and North Africa
Morocco,450.51,444.72,477.54,479.14,452.47,448.82,455.01,479.55,529.98,526.68,514.09,523.25,534.64,543.4,559.71,609.41,635.88,670.11,701.3,728.5,693.1,695.31,724.82,768.32,783.43,795.32,870.57,870.61,933.72,961.45,971.48,1090.41,1068.14,1034.24,1147.43,1085.02,1214.42,1147.84,1198.45,1203.65,1210.9,1210.73,1238.25,1297.24,1339.2,1367.56,1439.4,1487.68,1580.88,1624.34,1668.72,1736.95,1784.02,1814.79,1845.52,1862.08,1904.76,1944.8,1986.95,,Middle East and North Africa
Oman,,,,,,,,,,,,,,,,,,,,,,,,,,,,,,,,,,,,,,,,,4004.87,4176.96,4130.88,4601.18,4767.14,4771.27,4873.26,5646.86,5762.81,6196.14,6157.1,6215.53,6400.95,6117.78,5959.28,5841.74,5852.16,6136.17,5986.64,,Middle East and North Africa
Tunisia,,,,,,508.88,494.41,476.74,474.24,511.15,576.09,600.73,670.47,751.76,761.76,862.96,875.71,935.52,965.58,999.96,1099.01,1145.37,1140.73,1155.76,1188.22,1181.39,1171.54,1160.8,1152.54,1109.61,1182.51,1171.18,1224.37,1238.6,1252.18,1267.7,1302.99,1343.13,1395.29,1460.19,1508.56,1584.95,1627.61,1689.73,1763.58,1832.99,1935.09,2112.05,2256.53,2438.21,2590.43,2807.95,2996.3,3212.41,,,,,,,Middle East and North Africa
West Bank and Gaza,,,,,,,,,,,,,,,,,,,,,,,,,,,,,,,,,,,2013.15,2073.2,1943.83,2096.36,2253.8,2337.44,2094.33,1942.92,1721.42,1928.82,2076.38,2265.46,2088.24,2188.68,2117.68,2195.85,2206.64,2382.56,2595.19,2432.07,2459.05,2552.2,2576.86,2480.39,2454.74,,Middle East and North Africa
Aruba,,,,,,,,,,,,,,,,,,,,,,,,,,,,,,,,,,,,,,,,,,,,,,,,,,,14215.3,,,,,,,,,,Other High Income
Australia,10331.7,10352.6,10356.3,10713.7,11245.3,11578.7,11649.7,12092.0,12470.3,12862.0,13381.5,13438.7,13669.7,14090.9,14601.3,15126.1,15088.3,15714.1,15839.8,15902.0,15989.8,16247.9,16871.0,17062.9,17047.7,16965.8,17552.7,17637.1,17902.0,18417.2,18928.4,18869.4,19076.9,19244.2,19450.7,20067.4,20479.8,20853.8,21658.9,22640.2,23324.4,23743.9,24182.4,24848.8,25800.1,26619.1,27080.8,28376.5,29180.8,28748.6,29225.7,29971.0,30328.0,30337.9,30617.5,30888.2,31242.3,31421.7,31828.4,,Other High Income
Austria,,,,,,,,,,,10568.8,11228.7,11842.4,12409.6,12759.1,13208.5,13833.1,14716.9,14477.6,15190.7,15573.5,15732.0,16023.0,16921.1,16562.1,16854.1,17212.8,17617.8,18016.5,18579.0,19218.8,19597.8,20057.7,19914.0,20242.8,20384.1,20954.9,21019.1,21606.0,22085.4,22718.9,22922.0,22965.1,23251.8,23644.3,24011.8,24393.2,24582.6,24737.7,24882.9,25069.9,25321.7,25338.0,25169.2,25049.1,24890.8,25021.3,25200.7,25342.3,,Other High Income
"Bahamas, The",,,,,,,,,,,,,,,,,,,,,,,,,,,,,,19037.5,18322.0,17207.9,16040.1,15693.3,15759.6,16649.8,17484.9,17472.3,19261.3,20564.4,20757.5,20596.1,20983.2,20435.2,19748.0,20949.5,21163.6,21016.6,19911.2,17633.7,17544.6,16963.6,17418.7,16895.0,17518.9,17472.2,17269.7,18252.6,18422.4,,Other High Income
Bahrain,,,,,,,,,,,,,,,,,,,,,,,,,,,,,,,,,,,,,,,,,8131.58,8324.37,7953.3,7755.0,7382.96,7079.18,6645.18,6444.45,7497.5,7824.53,8534.15,8833.49,8783.59,9541.8,9327.56,9256.58,8951.47,8419.17,8582.52,,Other High Income
Belgium,,,,,,,,,,,10495.4,10991.7,11596.8,12502.5,12812.8,12885.1,13516.0,13854.6,14187.2,14901.8,14764.4,14826.5,15192.2,15170.5,15226.8,15634.5,16053.9,16318.5,16806.5,17299.4,17795.5,18264.9,18538.1,18383.0,18765.4,19021.2,19356.8,19606.1,20178.4,20557.5,21085.4,21211.2,21245.5,21308.6,21442.4,21632.7,21872.0,22166.2,22294.2,22244.8,22705.7,22606.2,22796.1,23067.7,23092.3,23322.8,23642.7,23983.4,24235.1,,Other High Income
Bermuda,,,,,,,,,,,,,,,,,,,,,,,,,,,,,,,,,,,,,,,,,,,,,,,,,,,48546.6,,,,,,,,,,Other High Income
Brunei Darussalam,,,,,,,,,,,,,,,,,,,,,,,,,,,,,,3859.56,3931.97,3757.13,4468.77,5093.2,4570.75,4241.35,4607.28,5080.85,4479.57,4257.68,3877.44,3959.18,3909.65,4444.31,4904.05,4800.45,4910.26,4945.78,4973.58,5160.68,5189.47,5400.59,5790.21,6057.0,5791.81,5978.16,5833.93,6004.66,6109.5,,Other High Income
Canada,,,,,,,,,,,12513.4,12851.2,13574.1,14311.8,14818.6,15161.7,15730.8,15979.9,16293.6,16502.4,16569.1,16561.9,15946.3,16183.6,16646.9,17303.8,17719.0,18164.7,18670.2,18963.7,18936.0,18493.8,18558.2,18696.4,19027.3,19254.1,19619.6,20375.3,20760.0,21402.4,22065.7,22352.2,22994.5,23413.5,23906.1,24611.5,25386.8,26251.0,26745.0,26463.8,27109.6,27457.1,27675.5,28104.2,28540.4,28985.7,29262.4,29948.1,30160.9,,Other High Income
Cyprus,,,,,,,,,,,,,,,,3615.83,4248.06,5022.73,5558.58,5842.45,6107.06,6109.1,6730.95,7160.88,7387.17,7729.42,7773.77,8108.47,8865.88,9343.76,9965.63,10674.0,10723.9,9982.47,10446.3,13240.2,13514.5,13655.8,14461.9,14898.3,15923.2,16625.8,16943.2,17468.2,18476.0,18923.9,19339.5,20777.7,21926.7,19952.9,20029.9,19434.0,18909.2,17869.8,18253.9,18802.8,19554.1,20163.8,20686.4,,Other High Income
Denmark,,,,,,,13818.6,14632.7,15066.2,15839.3,16110.8,16133.4,16049.6,17160.0,16693.0,17168.0,18430.8,18738.0,19002.9,19151.9,18700.6,18471.0,18744.8,19116.5,19799.2,20679.6,22124.4,21675.8,21268.2,21323.1,21458.9,21750.6,22235.0,21970.2,23354.1,23622.7,24066.1,24672.3,25161.1,25048.0,25060.9,25028.3,25309.2,25577.3,26696.8,27608.0,28328.5,28702.1,28673.9,27542.0,27634.8,27597.2,27634.4,27596.3,27707.0,28139.4,28597.0,28868.7,29467.7,,Other High Income
Faroe Islands,,,,,,,,,,,,,,,,,,,,,,,,,,,,,,,,,,,,,,,,,,,,,,,,,,,25052.6,,,,,,,,,,Other High Income
Finland,,,,,,,,,,,9787.05,9944.52,10709.1,11276.7,11414.0,11714.8,11899.9,11797.0,12037.3,12705.6,12984.8,13119.1,13715.8,14058.2,14444.5,14970.9,15537.9,16221.1,17072.6,17805.8,17675.0,17047.0,16242.0,15733.0,16073.0,16800.8,17376.6,17931.1,18746.3,19328.4,19693.9,20176.3,20630.4,21430.6,22170.0,22795.8,23598.8,24321.5,24684.8,23849.4,24452.0,25043.3,25020.4,24775.3,24822.7,25208.3,25730.7,25915.9,26338.0,,Other High Income
France,7028.27,7327.64,7749.54,8178.72,8510.62,8733.81,9046.18,9399.29,9720.16,10266.6,10655.0,11161.5,11632.2,12191.5,12438.0,12601.1,13217.4,13493.7,13960.3,14374.5,14481.2,14695.8,15096.2,15138.5,15152.0,15348.2,15820.1,16245.4,16690.4,17128.4,17484.6,17501.6,17610.6,17524.2,17751.6,17992.2,18280.0,18313.5,18973.4,19529.8,20107.6,20464.6,20739.3,20898.7,21150.2,21498.9,21807.1,22244.2,22235.8,22189.1,22495.6,22525.4,22321.8,22320.3,22395.5,22632.2,22943.2,23260.9,23427.2,,Other High Income
Germany,,,,,,,,,,,11191.2,11783.1,12358.4,12673.3,12645.4,13165.9,13789.5,14408.4,14938.2,15418.7,15619.0,15537.2,15395.5,15653.1,16014.0,16347.1,16964.1,17541.5,17937.5,18339.9,18949.8,19632.9,20054.7,19935.6,20149.0,20400.8,20666.5,20789.9,21086.6,21621.0,21949.4,22174.7,21829.6,21909.6,22054.9,22234.8,22560.9,22535.2,22656.0,22691.5,22887.7,23749.4,24058.0,24079.2,24230.9,24482.3,24836.8,25075.6,25312.0,,Other High Income
Greece,3791.73,4026.04,4162.15,4378.59,4808.33,5122.08,5439.71,5777.19,6189.49,6555.95,7126.96,7479.98,7877.91,8320.43,8206.65,8737.44,9093.79,9766.65,10403.5,10863.8,10806.6,10636.9,10929.8,11094.3,11081.3,11094.8,10894.4,11147.4,11779.6,12454.9,12646.6,12856.8,13048.9,12873.1,13058.0,13325.0,13621.3,14159.0,14723.7,15180.3,15499.8,15978.2,16729.3,17446.0,18030.6,18557.5,19016.6,19741.4,20394.7,20001.4,18673.5,16878.2,15608.2,15317.9,15516.4,15590.2,15651.7,15816.9,16031.1,,Other High Income
Greenland,,,,,,,,,,,,,,,,,,,,,,,,,,,,,,,,,,,,,,,,,,,,15645.0,17085.2,18180.4,18737.1,19034.7,19129.4,19269.1,18999.2,19078.9,18928.0,18828.9,19025.7,19121.9,19381.3,19639.7,19905.7,,Other High Income
Guam,,,,,,,,,,,,,,,,,,,,,,,,,,,,,,,,,,,,,,,,,,,17677.9,16365.8,17100.7,17835.1,17245.9,17364.5,17783.1,17882.6,17661.4,17893.8,18505.1,18483.0,18538.8,18586.8,18759.7,19002.1,18825.6,,Other High Income
"Hong Kong SAR, China",,1929.91,2048.13,2172.54,2309.19,2542.48,2826.68,2794.98,3010.47,3218.2,3471.46,3834.56,4047.31,4453.36,4237.1,4311.86,4578.98,5267.95,6056.94,6276.79,6855.3,7205.36,7465.6,7920.95,8302.54,8571.2,9191.09,10067.9,10919.1,11220.2,11884.5,12877.6,13865.8,14699.1,15305.7,15250.1,15131.4,15837.2,14842.3,14854.9,15389.5,15490.4,15260.6,15052.6,16000.1,16494.9,17388.4,18730.4,18972.4,18965.5,19977.7,21509.3,22145.9,23076.1,23679.9,24597.1,24933.1,26121.7,27337.1,,Other High Income
Iceland,,,,,,,,,,,,,,,,,,,,,,,,,,,,,,,18131.7,18461.8,17641.3,16652.5,16983.2,17256.5,18028.7,19000.7,20957.2,22212.6,22789.6,21869.0,21533.0,22663.6,24070.8,26403.5,26780.7,27840.6,25502.5,22222.1,22172.7,22661.0,22975.9,22954.8,23427.7,24238.5,25619.4,27042.7,27514.5,,Other High Income
Ireland,,,,,,,,,,,8464.2,8636.61,8947.29,9436.98,9434.36,9356.9,9477.59,9983.06,10739.2,11066.9,10987.2,11043.8,10167.7,10181.9,10322.4,10779.0,10991.0,11355.2,11915.4,12742.5,12911.7,13069.4,13355.2,13674.8,14215.4,14630.2,15545.4,16382.2,17475.6,18908.0,20628.0,21242.7,21664.7,21928.1,22312.9,23373.0,24273.8,25142.2,24699.7,23202.9,23180.1,22704.6,22409.5,22361.8,22757.0,23237.8,24212.6,24683.3,25279.0,,Other High Income
Israel,,,,,,,,,,,5545.07,5662.54,6074.42,6323.53,6606.1,6456.08,6623.73,6805.41,7230.01,7610.39,7156.89,7930.3,8419.92,8988.99,8263.98,8223.79,9319.37,9986.47,10282.1,10164.7,10443.1,10546.1,10960.2,11441.7,12215.0,12897.2,13317.1,13513.6,13980.1,14209.9,15003.8,15227.4,15147.8,14899.0,15412.3,15655.7,16151.4,17095.5,17089.5,16877.9,17370.4,17719.4,17904.4,18216.6,18611.3,18986.8,19789.7,20065.9,20406.7,,Other High Income
Italy,,,,,,,,,,,10205.9,10542.1,10829.4,11379.5,11660.9,11627.4,12088.1,12395.8,12675.7,13493.4,14272.4,14484.6,14615.3,14583.8,15010.9,15436.8,16063.3,16646.4,17318.6,17992.6,18345.1,18823.4,19135.2,18542.1,18822.2,19109.3,19304.4,19967.2,20633.3,21197.4,21751.4,21879.2,21837.4,21887.3,21957.4,22152.8,22382.9,22534.6,22132.3,21700.8,21861.4,21838.0,20970.2,20221.8,20072.1,20459.6,20748.4,21084.0,21285.3,,Other High Income
Japan,,,,,,,,,,,10533.2,10968.3,11785.5,12716.3,12465.0,12806.4,13081.5,13479.6,14059.6,14846.4,14887.7,15144.8,15742.3,16163.6,16565.1,17140.4,17663.5,18346.5,19209.8,20073.8,20963.7,21362.8,21794.2,21975.4,22404.3,22876.0,23294.2,23399.8,23199.3,23425.6,23755.0,24147.7,24376.4,24484.5,24797.1,25101.1,25344.7,25552.5,25280.7,25105.3,25703.4,25651.5,26213.8,26873.4,26678.5,26643.9,26642.2,26988.8,27139.2,,Other High Income
"Korea, Republic of",965.25,958.81,1022.59,1037.61,1097.2,1143.24,1188.24,1262.39,1363.54,1475.66,1596.2,1712.58,1772.71,1897.12,2001.57,2077.22,2213.07,2296.53,2450.56,2621.34,2578.4,2671.13,2824.37,3034.98,3223.6,3420.14,3693.53,3965.19,4288.56,4702.06,5114.5,5513.87,5830.83,6163.97,6649.84,7275.24,7753.89,7999.09,6996.96,7761.07,8393.08,8802.02,9528.47,9429.77,9416.3,9811.6,10207.9,10674.2,10738.9,10701.2,11114.3,11349.1,11506.7,11670.0,11799.6,11996.2,12243.8,12509.4,12822.5,,Other High Income
Kuwait,,,,,,,,,,,,,,,,,,,,,,,,,,,,,,,,,,,,,,,,,,,,,,,,,,,11145.8,10824.1,11092.2,11053.0,11079.5,11028.2,10812.5,10921.3,11284.8,,Other High Income
Luxembourg,,,,,,,,,,,14730.3,15410.4,15962.1,16695.4,17220.6,17931.9,18403.5,18791.5,19311.1,19946.4,20434.4,20728.6,20793.2,20890.1,21170.3,21699.7,22308.1,23179.6,24386.8,25318.0,25947.6,27400.7,26409.2,26592.3,27293.4,29060.0,29241.7,29639.5,29930.0,31296.8,32191.5,33024.9,34132.7,34493.1,34309.1,33760.5,34145.2,34393.5,34238.7,34005.9,33793.0,33543.4,33702.8,33594.1,34145.5,33946.9,34358.1,34257.9,34734.1,,Other High Income
"Macao SAR, China",,,,,,,,,,,,,,,,,,,,,,,6395.69,6530.58,6553.68,6673.91,6969.33,7262.13,7635.04,7679.42,7847.23,8175.88,8682.11,9045.36,9405.08,9476.34,9659.32,9602.25,9314.29,9343.96,9050.61,9005.7,9309.12,9382.11,9879.8,10226.5,10720.9,11564.5,11952.3,11861.1,12216.1,13292.4,13964.0,14556.9,15079.1,15094.7,14708.5,14802.2,15207.1,,Other High Income
Malta,,,,,,,,,,,,,,,,,,,,,,,,,,,,,,,,,,,,,,,,,11130.2,11307.0,11107.8,11535.5,11675.4,11931.5,12226.9,12264.8,12160.3,12286.4,12201.3,12500.2,12333.8,12409.8,12448.5,12772.2,12783.5,12852.3,13344.8,,Other High Income
Netherlands,,,,,,,,,,12294.8,13026.7,13278.8,13486.9,13993.1,14327.5,14627.2,15314.4,15851.4,16480.3,16575.8,16431.5,15929.9,15627.7,15764.6,15797.1,15942.1,16229.3,16461.5,16609.2,17030.8,17597.2,17931.8,17924.1,17944.0,18184.1,18576.6,19402.1,20108.5,21107.4,22216.4,22866.2,23158.3,23278.8,23139.0,23234.0,23390.7,23316.7,23702.2,23820.3,23251.3,23156.7,23064.9,22717.5,22432.3,22435.5,22777.8,22910.6,23260.9,23663.7,,Other High Income
New Zealand,,,,,,,,,,,11973.4,11848.5,12462.5,13254.2,13501.4,13143.4,12601.7,12154.4,12367.6,12357.6,12312.5,12516.2,12221.6,12428.2,12798.4,12893.5,13427.8,13690.6,14052.7,14127.1,14054.3,13071.0,12976.5,13322.6,13985.7,14355.9,14839.9,15044.3,15348.3,15728.4,15856.3,16185.7,16699.5,17389.0,18051.2,18672.9,19007.6,19557.7,19257.6,19332.7,19566.6,20050.5,20393.5,20989.6,21296.4,21703.2,22485.1,22904.0,23227.0,,Other High Income
Norway,,,,,,,,,,,13936.7,14603.5,14886.9,15310.4,15668.6,16406.8,17302.4,18310.3,17950.4,18640.8,18965.6,18957.6,19099.9,19413.8,19977.0,21754.6,22771.7,22525.5,21931.6,21707.8,21783.0,22131.3,22524.2,22898.9,23541.8,24265.9,25669.9,26327.8,26911.8,27726.3,28698.6,29142.5,29894.8,30668.5,32148.8,33336.4,34709.5,36175.8,36326.5,35881.5,36787.7,37172.6,37969.4,38567.6,38925.0,39584.0,39677.6,40239.5,40731.7,,Other High Income
Portugal,,,,,,,,,,,5872.39,6645.17,6923.46,7753.45,8390.71,8006.33,8054.18,8016.92,7769.24,7695.16,7918.85,8067.05,8201.99,8063.16,7791.27,7819.77,8253.09,8691.71,9294.67,9582.2,10221.4,10678.3,11192.8,11302.3,11387.5,11415.8,11773.0,12119.2,12635.0,13225.3,13616.9,13641.6,13741.1,13645.9,13961.4,14155.2,14344.0,14675.1,14855.0,14497.7,14832.4,14310.6,13604.5,13536.8,13934.0,14277.0,14688.7,15033.9,15526.3,,Other High Income
Puerto Rico,,,,,4038.49,4286.32,4624.65,4633.36,4882.24,5244.21,5870.11,5818.07,6670.96,6942.04,6655.47,6434.28,12720.3,7160.43,7474.71,7685.79,7611.43,7293.24,7202.71,7336.82,7603.83,7869.21,8119.84,8506.2,8763.76,8777.51,8882.1,8716.67,8984.52,9354.33,9732.16,8502.12,10643.7,11155.5,11581.8,12146.4,12481.9,12578.9,12884.4,13355.4,14487.6,14903.2,15119.1,15413.1,15322.8,14964.6,15258.2,15670.5,16244.1,16708.8,16454.4,16308.0,16155.1,16478.7,17340.7,,Other High Income
Qatar,,,,,,,,,,,,,,,,,,,,,,,,,,,,,,,,,,,,,,,,,6618.54,6291.2,7934.82,7937.66,10893.3,11090.2,11576.6,11666.7,11158.2,10924.5,10899.2,10666.7,10932.4,11181.0,11474.8,11864.8,12240.7,12454.6,,,Other High Income
Saudi Arabia,,,,,,,,,,,,,,,,,,,,,,,,,,,,,,,,,,,,,,,,,4064.81,4020.87,3998.24,4057.35,4205.62,4495.79,4850.86,5335.85,5822.59,6165.06,6218.17,6135.95,6643.44,6652.3,6862.87,7141.97,7046.5,7129.78,7135.79,,Other High Income
Singapore,2823.22,2991.41,3022.5,3085.02,2860.03,2900.63,3030.34,3232.48,3496.41,3731.15,4136.71,4542.15,4866.32,5164.18,5429.37,5522.93,5736.16,5952.71,6267.24,6599.37,6884.49,6879.65,6849.2,7145.42,7421.48,7405.63,7704.04,8364.77,9086.6,9555.78,9870.9,10181.9,10462.9,11400.8,11855.1,11944.5,12223.3,12498.4,11847.7,12888.3,14387.8,15134.6,15514.3,15946.7,16575.9,16854.0,17051.1,17501.0,17303.6,16743.3,17164.9,17476.5,17687.9,17893.8,18299.7,19015.3,19283.0,19917.2,20368.8,,Other High Income
Spain,,,,,,,,,,,8341.26,8661.69,9277.6,9891.34,10282.8,10355.3,10820.3,10870.1,10862.9,10907.5,11043.8,10856.0,10795.4,10784.7,10718.6,10923.7,11261.7,11901.1,12456.8,13112.2,13558.7,13914.6,14147.6,13806.7,13890.1,14065.9,14350.8,14695.0,15279.5,15947.8,16581.0,17104.5,17383.5,17475.8,17873.8,18300.7,18711.0,18991.3,18559.5,17735.0,17718.7,17221.2,16638.9,16211.5,16534.7,17035.3,17479.6,17958.3,18238.8,,Other High Income
Sweden,10350.0,10847.4,11143.7,11568.6,11941.8,12326.7,12442.0,12630.9,13075.0,13554.8,13898.8,13817.3,14245.0,14590.2,15042.5,15402.4,15991.0,15775.0,15619.0,15959.0,15799.3,15997.8,16133.9,15765.7,16034.3,16428.1,17174.5,17974.3,18402.8,18478.2,18214.7,18131.6,17747.7,17134.3,17337.9,17413.2,17707.6,18251.6,18859.0,19604.7,20630.6,20745.5,21136.5,21427.3,21948.3,22593.8,23132.5,23859.0,23839.4,23917.2,24741.4,25029.3,24992.1,25220.9,25706.3,26329.2,26523.7,26715.8,26829.6,,Other High Income
Switzerland,,,,,,,,,,,26689.3,27813.6,29103.2,29686.7,29383.7,28537.3,29006.9,29987.3,30650.3,30978.5,31666.4,31796.9,31691.4,31952.9,32354.0,32899.5,33645.6,34435.8,34913.3,35507.6,35699.1,35897.5,35670.4,35215.7,35362.1,35436.6,35696.9,36177.4,36846.5,37418.6,37876.7,38417.3,38297.5,38178.6,38567.8,38932.2,39235.4,39812.6,39884.3,39904.4,40179.2,40030.9,40534.2,41121.3,41139.5,41384.1,41516.8,41636.3,41717.2,,Other High Income
United Arab Emirates,,,,,,,,,,,,,,,,,,,,,,,,,,,,,,,,,,,,,,,,,,39466.5,39793.8,38038.6,38668.1,35203.5,35120.8,33887.2,32998.9,21271.2,14330.0,15187.6,13257.0,13862.1,15542.5,12511.1,12582.2,12521.9,12270.8,,Other High Income
United Kingdom,,,,,,,,,,,9935.52,10209.3,10822.0,11399.3,11207.2,11193.0,11250.9,11209.9,11809.3,12313.8,12288.7,12304.4,12443.3,12961.0,13240.1,13723.3,14576.6,15346.1,16499.9,17031.3,17146.1,16740.5,16958.4,17651.3,18226.1,18571.3,19208.7,20059.4,20852.8,21713.5,22617.9,23330.7,23985.7,24685.2,25333.7,25804.0,26028.3,26437.9,26128.5,25222.0,25337.2,25138.1,25362.6,25869.2,26262.9,26832.8,27613.3,28025.7,28285.2,,Other High Income
United States,,,,,,,,,,,14407.5,14769.8,15507.5,16120.3,15839.9,16040.1,16774.0,17308.0,17875.0,18099.1,17870.3,17941.1,18031.0,18878.3,19700.2,20537.4,21188.5,21713.0,22415.5,22852.2,23050.6,22785.7,23298.8,23794.6,24415.3,24838.1,25402.7,26043.8,27109.1,28211.3,29316.8,29759.2,30241.8,30935.8,31800.8,32631.3,33308.2,33726.2,33337.9,32632.4,32929.1,33307.8,33561.4,33814.1,34560.4,35571.1,36281.2,36989.9,37866.1,,Other High Income
"Virgin Islands, US",,,,,,,,,,,,,,,,,,,,,,,,,,,,,,,,,,,,,,,,,,,19471.4,19957.8,20833.8,22462.1,23844.5,22607.6,21622.8,22135.8,22407.2,22224.4,21514.5,21009.2,20965.2,21516.5,21613.1,21123.4,,,Other High Income
Afghanistan,,,,,,,,,,,,,,,,,,,,,,,,,,,,,,,,,,,,,,,,,,,,,,,,,,,544.03,,,,,,,,,,South Asia
Bangladesh,619.81,656.82,627.7,640.23,687.77,670.58,660.81,636.75,635.95,643.07,682.38,645.31,595.54,504.38,472.28,442.0,431.53,368.27,414.86,416.33,421.74,396.82,374.33,374.28,390.92,385.83,386.54,386.81,391.52,385.21,404.69,394.13,400.64,405.39,411.34,417.74,408.54,404.2,402.58,410.26,422.35,431.58,428.28,437.98,456.69,480.25,507.22,538.28,553.33,559.73,578.95,609.52,627.31,651.89,670.3,701.41,714.63,759.52,834.44,,South Asia
Bhutan,,,,,,,,,,,,,,,,,,,,,,,,,,,,,,,,,,,,,,,,,568.25,517.89,609.05,698.15,746.31,899.21,574.56,982.0,889.15,977.9,1022.93,1071.93,1032.02,1634.29,1551.66,1744.91,1639.56,1703.33,1934.04,,South Asia
India,268.21,267.39,265.42,269.69,279.94,274.42,272.26,281.71,283.06,287.32,290.6,289.64,284.95,285.23,278.44,287.5,286.55,302.9,314.14,300.13,319.68,325.91,321.6,338.61,340.46,346.75,349.83,354.01,368.12,378.31,387.09,387.46,389.56,398.57,409.89,426.58,451.11,456.0,476.79,496.72,504.8,525.69,531.72,554.0,573.31,606.4,626.57,662.13,681.55,705.61,742.93,787.85,820.78,870.36,915.46,977.07,1045.64,1111.52,1188.91,,South Asia
Nepal,,,,,,,,,,,,,,,,,,,,,,,,,,,,,,,,,,,,,,,,,,369.9,377.16,383.57,382.12,395.01,411.2,419.13,419.95,440.18,465.37,467.54,542.87,558.86,582.61,596.89,587.11,594.42,599.28,,South Asia
Pakistan,,,,,,,,,,,,,,,,,,,,,,,,,,,566.23,567.87,606.49,593.18,601.83,577.07,634.24,630.29,634.4,660.45,687.65,696.23,687.25,718.17,702.25,688.5,681.47,668.46,719.46,786.04,783.56,798.96,808.89,787.22,787.12,805.63,828.38,828.48,856.66,863.26,909.89,966.95,1011.98,,South Asia
Sri Lanka,415.12,379.7,404.42,373.18,380.69,366.08,394.97,386.27,419.46,450.18,425.1,407.94,375.26,419.53,410.39,423.62,419.46,460.8,474.69,480.16,511.58,693.62,708.35,733.51,800.77,844.25,819.96,839.1,838.49,875.87,814.06,859.87,892.48,949.79,1003.29,1046.15,1028.73,1094.83,1171.26,1239.52,1271.94,1273.59,1365.95,1466.9,1501.91,1514.38,1601.2,1652.01,1763.48,1767.68,1916.39,2091.82,2136.15,2284.76,2346.35,2499.53,2654.1,2690.46,2724.25,,South Asia
Angola,,,,,,,,,,,,,,,,,,,,,,,,,,,,,,,,,,,,,,,,,,,1036.23,1084.15,1088.83,1103.85,1132.85,1157.21,1206.15,1282.22,1284.38,1365.47,1446.88,1511.83,1644.89,1636.31,1675.19,1667.45,,,Sub-Saharan Africa
Benin,424.95,426.0,414.79,442.47,473.92,499.15,539.8,542.1,549.53,539.42,536.14,529.54,538.15,546.24,536.61,513.44,500.32,546.98,547.42,560.94,575.66,611.22,525.13,501.97,527.53,570.05,544.85,518.0,560.25,503.52,461.03,488.01,498.78,507.1,463.99,467.94,479.43,488.48,500.08,511.36,533.54,533.74,547.22,541.95,539.31,546.27,550.5,555.64,568.1,562.69,556.95,554.26,552.72,554.43,568.49,556.73,561.57,564.93,565.72,,Sub-Saharan Africa
Botswana,,,,,,,,,,,,,,,,864.19,920.26,962.87,1043.74,1129.6,1109.77,1050.63,966.52,871.95,903.44,1021.45,1051.53,1013.46,1062.86,1282.79,1518.52,1620.02,1555.58,1480.42,1478.3,1687.42,1736.95,1924.92,1920.95,1880.6,1818.81,1705.12,1758.13,1750.98,1773.01,1927.44,2214.55,2492.88,2861.8,2961.61,3162.47,3363.67,3278.82,3569.6,3554.99,3641.55,3655.89,3811.95,3886.53,,Sub-Saharan Africa
Burkina Faso,,,,,,238.78,238.11,266.6,267.04,268.67,248.54,249.15,234.22,228.03,237.46,248.19,259.74,283.46,275.61,276.67,290.47,295.45,293.2,287.11,262.04,267.2,297.16,274.58,282.51,270.1,255.19,261.52,256.39,266.14,207.13,235.67,271.28,270.3,297.63,338.25,319.75,319.67,323.35,341.23,343.64,358.36,354.88,354.7,386.67,366.29,361.62,363.57,376.31,390.14,397.38,396.27,408.96,391.85,413.32,,Sub-Saharan Africa
Burundi,,,,,,,,,,,,,,,,,,,,,,,,,,,,,,,,,,,,,,184.51,198.4,190.88,185.35,182.59,192.36,180.57,181.93,198.5,212.2,202.33,202.54,196.61,189.82,198.28,199.7,213.93,215.14,204.18,194.43,188.64,189.16,,Sub-Saharan Africa
Cabo Verde,,,,,,,,,,,,,,,,,,,,,,,,,,,,,,,,,,,,,,,,,,,,,,,,2073.93,2082.04,2182.21,2129.03,2148.05,2191.97,2203.0,2201.14,2243.14,2270.4,2403.78,2411.54,,Sub-Saharan Africa
Cameroon,699.18,694.15,700.75,704.95,708.51,688.52,690.93,583.7,631.99,627.11,619.28,659.32,632.29,612.12,651.38,741.54,668.71,777.94,839.54,876.21,729.01,838.51,926.93,891.88,869.66,891.68,1071.96,1085.97,928.08,779.64,740.13,700.97,613.58,692.0,702.72,698.73,707.75,750.98,758.39,784.92,809.32,818.64,820.21,852.3,866.02,885.41,889.55,903.48,908.88,899.74,902.05,903.98,920.11,950.82,974.35,998.93,1005.24,1021.06,1041.52,,Sub-Saharan Africa
Central African Republic,,,,,,,,,,,,,,,,,,,,,,,,,,,,,,,,,,,,,,,,,,,,,,,,,,418.89,401.53,398.81,431.51,232.72,237.66,240.52,259.34,257.79,287.75,,Sub-Saharan Africa
Chad,,,,,,,,,,,,,,,,,,,,,,,,,,,,,,,,,,,,,,,,,,,,,,,,517.28,527.1,566.94,583.93,583.94,613.93,645.9,667.94,624.12,577.59,561.21,549.94,,Sub-Saharan Africa
Comoros,,,,,,,,,,,,,,,,,,,,,1287.35,1295.94,1339.28,1365.63,1383.2,1375.44,1361.2,1343.48,1339.37,1258.9,1284.55,1180.04,1243.8,1244.62,1145.78,1154.39,1108.62,1122.68,1107.45,1100.02,1188.98,1187.1,1185.71,1182.15,1176.57,1181.47,1184.09,1156.72,1181.19,1202.66,1196.3,1221.44,1243.51,1255.21,1244.04,1224.21,1234.83,1257.74,1252.63,,Sub-Saharan Africa
"Congo, Democratic Republic of",,,,,,,,,,,,,,,,,,,,,,,,,,,,,,,,,,283.7,285.53,280.95,262.37,241.0,249.64,230.18,227.17,219.23,191.74,229.84,232.97,241.48,234.08,243.19,236.65,234.05,242.0,219.63,246.74,268.89,280.33,289.26,286.68,284.05,280.07,,Sub-Saharan Africa
"Congo, Republic of",706.52,682.69,609.8,541.42,537.32,524.92,468.96,436.23,481.42,525.4,537.24,515.65,496.65,473.2,443.54,437.63,501.87,424.66,464.55,398.69,465.25,539.77,771.67,621.66,647.47,653.36,592.17,583.73,570.02,556.95,505.78,567.73,427.92,473.87,549.69,634.87,705.31,677.32,369.74,691.47,654.82,779.75,560.35,607.51,633.39,712.38,719.39,765.73,901.77,930.41,1084.96,967.27,695.02,887.52,787.04,824.54,896.97,611.65,475.81,,Sub-Saharan Africa
Cote d'Ivoire,,,,,,,,,,,,,,,,,,,,,,,,,,,,,,,,,,,,,,,,,,,,,,,,,784.29,795.46,812.96,760.21,813.25,826.85,888.81,985.68,1068.28,1080.62,1135.25,,Sub-Saharan Africa
Equatorial Guinea,,,,,,,,,,,,,,,,,,,,,,,,,,,,,,,,,,,,,,,,,,,,,,2270.38,3640.56,3814.77,4025.14,3904.12,4043.17,4021.38,4109.9,4641.1,4612.06,4514.47,4464.54,4475.52,4557.58,,Sub-Saharan Africa
Eritrea,,,,,,,,,,,,,,,,,,,,,,,,,,,,,,,,,1257.91,1143.2,1414.36,1271.02,1399.08,1645.93,1230.76,922.66,690.01,741.14,819.23,813.34,896.46,793.81,725.8,660.48,564.83,617.24,570.1,463.16,,,,,,,,,Sub-Saharan Africa
Eswatini,,,,,,,,,,,,,,,,,,,,,2149.51,1903.4,2048.66,1978.59,1924.94,1678.72,1339.63,1321.03,1084.14,1128.5,1367.36,1393.77,1446.85,1580.1,1352.86,1661.57,1839.86,1822.74,1919.0,1986.58,2388.74,2412.48,2427.9,2414.32,2598.08,2872.06,2984.22,2986.65,2981.63,2933.63,3108.32,3253.8,3257.24,3293.35,3310.74,3248.59,3157.15,3303.04,3359.66,,Sub-Saharan Africa
Gabon,1017.88,1090.93,1202.17,1551.92,1619.0,1842.12,1612.69,1995.61,1984.99,2025.5,2090.35,2215.14,2341.3,2671.66,2208.88,2262.64,2570.14,2791.19,3761.01,3322.34,3281.59,3528.11,3076.89,3676.94,3277.36,3006.6,3633.47,2967.87,2541.29,3349.35,3159.25,3014.83,2865.24,2767.01,2408.92,2386.7,2105.94,2038.64,2406.58,2483.77,2532.89,2465.89,2459.6,2407.4,2413.18,2467.15,2547.06,2562.3,2566.35,2608.49,2709.03,2800.21,2863.84,2982.4,3036.13,3056.94,3033.51,2962.23,2874.57,,Sub-Saharan Africa
"Gambia, The",,,,,,,,,,,,,,,,,,,,,,,,,,,,,,,,,,,,,,,,,,,,,764.6,746.18,697.14,726.98,767.31,774.91,803.05,731.64,700.93,744.61,741.27,781.56,745.75,752.88,805.22,,Sub-Saharan Africa
Ghana,,,,,,,,,,,,,,,,,,,,,,,,,,,,,,,,,,,,,,,,,,,,,,,920.12,950.81,1066.73,1062.29,1215.51,1256.75,1305.49,1528.32,1554.61,1514.77,1442.29,1570.11,1530.91,,Sub-Saharan Africa
Guinea,,,,,,,,,,,,,,,,,,,,,,,,,,,,,,,,,,,,,,,,,,,,,,,584.93,607.36,575.51,561.69,537.74,547.29,578.71,618.88,593.4,619.71,645.6,634.24,640.33,,Sub-Saharan Africa
Guinea-Bissau,,,,,,,,,,,,,,,,,,,,,,,,,,,,,,,,,,,,,,,,,479.8,533.98,533.99,490.01,514.12,483.82,499.83,492.85,508.97,509.35,559.48,530.42,516.01,511.03,477.07,516.5,557.92,634.55,642.44,,Sub-Saharan Africa
Kenya,504.33,494.91,517.82,502.11,519.69,542.79,566.63,577.12,504.39,501.95,438.44,613.16,668.99,602.49,667.36,630.26,575.68,601.48,662.48,663.21,654.08,605.75,601.19,559.67,581.51,521.93,598.71,627.53,657.1,672.39,648.13,642.13,615.39,587.11,579.75,641.45,639.22,645.0,655.91,664.17,643.71,652.37,640.26,636.88,634.78,657.57,703.17,720.19,689.89,701.97,734.27,759.63,782.25,825.53,839.02,860.61,879.84,924.41,956.05,,Sub-Saharan Africa
Lesotho,5.4,5.46,6.26,7.1,7.6,7.83,8.96,8.72,8.82,9.0,9.57,10.74,12.62,16.77,21.51,25.35,31.3,37.95,41.9,48.44,55.36,65.25,74.61,86.56,96.92,104.11,116.46,118.79,144.0,165.49,172.57,205.81,218.4,234.77,242.4,260.09,286.16,348.35,483.91,512.99,548.8,556.5,653.14,699.69,748.54,810.32,889.66,1011.93,1041.25,1038.31,1093.75,1160.21,1192.19,1259.22,1233.67,1246.77,1252.72,1249.99,1277.0,,Sub-Saharan Africa
Liberia,,,,,,,,,,,,,,,,,,,,,,,,,,,,,,,,,,,,,,,,,808.08,522.6,579.01,479.36,309.72,413.06,516.41,504.81,493.1,447.57,457.78,440.62,396.26,398.14,418.41,493.12,450.25,,,,Sub-Saharan Africa
Madagascar,708.6,686.34,687.59,686.74,690.27,668.34,664.06,650.54,684.03,692.22,718.41,735.59,702.49,664.78,626.72,610.77,562.43,571.58,543.29,590.66,580.46,488.29,477.26,460.18,443.16,444.77,429.63,404.65,396.62,369.61,391.69,379.91,359.35,359.82,350.99,345.61,339.5,344.98,349.23,353.21,356.44,355.0,343.39,354.55,375.48,347.73,342.72,333.95,344.46,343.33,349.17,347.48,348.38,361.91,343.11,343.95,347.4,342.1,343.25,,Sub-Saharan Africa
Malawi,,,,,,,,,,,,,,,,,,,,,,,,,,,,,,,,,,,,,,,,,,,322.36,332.85,344.01,347.7,345.33,311.52,334.9,324.14,359.09,395.32,434.84,381.9,411.58,419.83,484.6,511.1,,,Sub-Saharan Africa
Mali,,,,,,,,384.0,389.28,383.8,397.44,399.69,416.4,407.55,431.32,451.5,493.42,481.15,498.69,526.49,488.01,502.45,463.74,469.45,465.92,442.48,409.48,373.43,401.95,384.73,378.71,444.35,397.87,417.95,403.06,402.97,418.78,398.82,393.51,419.95,401.36,417.87,396.83,414.78,419.88,434.04,439.16,449.62,469.8,480.66,515.14,510.69,501.69,500.24,522.55,537.05,541.53,575.76,604.06,,Sub-Saharan Africa
Mauritania,,,,,371.17,444.13,426.7,487.07,548.71,521.7,592.8,576.31,505.38,521.28,734.71,730.88,759.04,742.1,622.68,533.22,547.63,627.87,797.48,636.79,560.85,503.98,627.78,573.87,488.67,568.31,601.7,558.08,517.68,492.28,536.01,516.33,568.01,526.41,578.26,589.89,586.6,571.67,577.74,586.68,574.41,589.63,596.61,611.74,638.06,635.9,637.57,637.51,672.47,668.59,669.83,663.19,674.69,685.32,701.05,,Sub-Saharan Africa
Mauritius,,,,,,,,,,,,,,,,,1694.34,1767.82,1794.62,1780.14,1652.6,1578.25,1614.81,1631.26,1686.96,1758.55,1867.2,2218.35,2392.55,2545.3,2653.58,2757.63,2852.55,2969.58,3099.44,3219.9,3344.22,3470.88,3646.18,3746.41,3854.3,3937.32,4039.39,4198.66,4520.02,4817.84,5079.94,5282.48,5616.52,5718.72,5855.53,5992.59,6139.78,6287.9,6441.6,6617.79,6808.78,7022.37,7252.2,,Sub-Saharan Africa
Mozambique,,,,,,,,,,,,,,,,,,,,,276.52,263.93,254.63,201.36,195.3,181.15,187.29,208.14,214.84,227.95,215.79,222.12,196.79,197.59,195.1,199.1,209.64,218.5,224.06,230.37,222.63,218.03,285.52,292.22,295.83,307.45,312.33,326.67,335.17,346.25,349.05,356.38,390.98,405.69,418.2,413.58,429.05,419.16,422.38,,Sub-Saharan Africa
Namibia,,,,,,,,,,,,,,,,,,,,,2203.54,2946.22,2938.53,2737.25,2760.7,2306.41,2404.77,2747.94,2477.81,2459.99,1966.47,2186.29,2055.12,2000.54,1966.53,1981.62,2146.34,2259.51,2296.78,2285.23,2376.42,2548.99,2473.9,2640.04,2649.87,2628.65,2809.44,2928.86,3243.76,3628.0,3366.25,3600.73,3877.79,4170.84,4378.98,4852.49,5109.45,4847.92,4876.1,,Sub-Saharan Africa
Niger,,,,,,,,,,,,,,,,,,,,,,,,,,,,,,,,,,,,,,,,,,,,,,,245.05,241.03,244.29,247.71,250.74,254.06,254.6,254.81,253.81,261.49,265.53,267.12,268.34,,Sub-Saharan Africa
Nigeria,,,,,,,,,,,,,,,,,,,,,,1078.58,928.21,697.82,721.02,862.97,762.17,700.89,730.35,657.39,793.25,819.0,933.79,835.62,734.75,752.21,880.34,830.87,807.72,720.54,715.15,1111.58,1248.88,1348.7,1317.6,1447.71,1216.94,1595.25,1305.31,1554.22,1539.58,1453.09,1414.73,1667.5,1633.61,1585.88,1482.11,1430.2,1466.45,,Sub-Saharan Africa
Rwanda,246.75,231.57,263.5,241.88,192.6,200.02,213.74,226.64,239.35,262.42,261.52,254.76,235.08,221.95,224.19,193.96,220.62,224.18,244.32,275.89,288.63,283.74,267.07,296.44,247.42,232.23,249.41,225.06,237.75,232.92,229.76,262.98,281.42,286.5,237.08,244.99,256.41,263.85,276.77,298.82,318.13,317.46,351.3,325.52,341.61,365.24,412.86,407.24,424.05,461.46,471.91,501.82,526.03,532.42,550.01,633.67,614.48,608.75,631.7,,Sub-Saharan Africa
Seychelles,,,,,,,,,,,,,,,,,,,,,,,,,,,,,,,,,,,,,,,,,,,,,,,,,,,5432.34,,,,,,,,,,Sub-Saharan Africa
Sierra Leone,,,,,,,,,,,,,,,,,,,,,523.76,498.04,479.19,434.25,414.89,375.97,356.56,388.99,324.69,343.46,283.99,281.08,253.34,269.03,220.21,272.22,286.27,236.83,226.99,209.33,207.29,257.37,303.29,310.29,308.74,303.06,296.97,316.81,335.83,360.85,306.21,399.67,419.04,530.94,440.78,430.42,465.86,454.81,504.21,,Sub-Saharan Africa
South Africa,2126.91,2119.91,2132.27,2213.46,2334.76,2357.74,2405.39,2449.46,2562.38,2670.15,2771.21,2825.39,2868.24,3004.18,3079.41,3109.8,3080.39,2979.36,2954.8,2953.05,3124.8,3264.29,3242.42,3249.0,3307.81,3111.65,3040.56,3083.97,3173.46,3185.18,3199.2,3105.15,2985.48,2968.16,3016.3,3127.85,3205.42,3252.37,3256.41,3263.96,3351.47,3422.6,3486.83,3541.95,3717.44,3896.91,4185.69,4401.3,4395.57,4222.51,4325.25,4478.84,4571.68,4588.56,4553.77,4571.35,4531.07,4559.78,4579.96,,Sub-Saharan Africa
South Sudan,,,,,,,,,,,,,,,,,,,,,,,,,,,,,,,,,,,,,,,,,,,,,,,,,600.26,599.48,647.61,593.66,598.93,604.17,547.36,513.55,,,,,Sub-Saharan Africa
Sudan,910.36,853.66,860.35,824.22,805.06,834.97,712.2,659.33,642.58,595.28,616.32,649.51,584.34,556.22,663.5,752.7,861.06,960.92,902.48,812.1,814.19,867.73,937.15,948.07,904.08,809.07,699.62,674.41,691.51,700.53,722.09,748.14,772.22,801.23,807.0,788.3,794.66,817.4,830.02,839.2,783.81,838.12,831.24,804.19,888.11,916.53,991.17,989.39,956.89,968.98,994.04,1052.42,1099.32,1112.88,1111.86,1123.41,1129.68,1136.03,1073.69,,Sub-Saharan Africa
Tanzania,,,,,,,,,,,,,,,,,,,,,,,,,,,,,,,328.98,324.49,314.1,309.2,304.31,308.2,321.64,341.27,380.89,390.16,385.29,386.35,397.83,394.37,406.55,429.05,456.35,468.05,455.1,445.39,490.99,529.97,499.68,505.07,506.69,527.72,523.25,519.39,,,Sub-Saharan Africa
Togo,437.03,480.88,484.01,511.82,482.32,503.09,583.71,629.8,649.38,671.02,664.72,371.63,392.46,426.26,462.63,343.75,513.57,500.12,443.57,476.01,496.37,527.72,548.22,494.22,547.65,628.15,557.47,515.36,595.02,590.23,553.28,579.74,597.26,450.15,469.75,503.82,626.27,656.05,663.18,653.51,619.64,627.71,592.91,621.51,582.08,482.61,465.09,486.06,450.9,463.63,443.63,438.54,549.88,659.26,733.15,746.07,753.74,742.99,758.3,,Sub-Saharan Africa
Uganda,,,,,,,,,,,,,,,,,,,,,,,265.66,278.62,261.81,244.77,237.63,235.48,246.63,253.99,258.66,262.08,260.14,269.67,274.43,306.81,318.6,317.58,329.84,345.34,341.78,339.01,355.8,357.08,354.37,362.12,394.23,417.98,409.58,471.18,474.94,487.92,511.48,495.22,490.69,526.82,507.87,504.5,487.52,,Sub-Saharan Africa
Zambia,,,,,,,,,,,,,,,,,,,,,,,,,,,,,,,,,,,,,,,,,,,,,,,,,,,813.12,,,,,,,,,,Sub-Saharan Africa
Zimbabwe,,,,,,,,,,,,,,,,,,,,,,,,,,,,,,,,,,,,,,,,,,,,,,,,,,807.75,851.26,857.93,1042.93,1012.21,969.2,1135.08,1000.46,999.81,1214.95,,Sub-Saharan Africa
