Country	1960	1961	1962	1963	1964	1965	1966	1967	1968	1969	1970	1971	1972	1973	1974	1975	1976	1977	1978	1979	1980	1981	1982	1983	1984	1985	1986	1987	1988	1989	1990	1991	1992	1993	1994	1995	1996	1997	1998	1999	2000	2001	2002	2003	2004	2005	2006	2007	2008	2009	2010	2011	2012	2013	2014	2015	2016	2017	2018	2019	
East Asia and Pacific
American Samoa	n/a	n/a	n/a	n/a	n/a	n/a	n/a	n/a	n/a	n/a	n/a	n/a	n/a	n/a	n/a	n/a	n/a	n/a	n/a	n/a	n/a	n/a	n/a	n/a	n/a	n/a	n/a	n/a	n/a	n/a	n/a	n/a	n/a	n/a	n/a	n/a	n/a	n/a	n/a	n/a	n/a	n/a	7,393.68	7,518.32	7,814.25	7,741.29	7,640.22	7,592.73	7,524.50	7,408.52	7,168.46	6,887.91	6,766.62	6,988.29	7,035.26	7,013.70	7,098.35	7,113.80	7,152.70	n/a
Cambodia	n/a	n/a	n/a	n/a	n/a	n/a	n/a	n/a	n/a	n/a	n/a	n/a	n/a	n/a	n/a	n/a	n/a	n/a	n/a	n/a	n/a	n/a	n/a	n/a	n/a	n/a	n/a	n/a	n/a	n/a	n/a	n/a	n/a	297.83	302.13	316.26	335.91	320.63	344.63	356.91	366.40	367.15	391.55	415.39	458.47	506.39	533.44	545.72	606.23	596.18	638.55	693.95	714.39	743.19	763.94	796.34	836.85	861.77	887.79	923.25
China	n/a	n/a	n/a	n/a	n/a	n/a	n/a	n/a	n/a	n/a	n/a	n/a	n/a	n/a	n/a	n/a	n/a	n/a	n/a	n/a	n/a	n/a	n/a	n/a	n/a	n/a	n/a	n/a	n/a	n/a	n/a	n/a	n/a	n/a	n/a	452.22	499.31	523.60	553.69	600.17	664.48	705.74	765.02	807.09	867.19	957.15	1,049.07	1,187.37	1,285.05	1,406.44	1,562.00	1,788.45	1,943.59	2,105.43	2,287.40	2,473.87	2,680.41	2,919.62	3,148.19	3,327.29
Fiji	n/a	n/a	n/a	n/a	n/a	n/a	n/a	n/a	n/a	n/a	n/a	n/a	n/a	n/a	n/a	n/a	n/a	n/a	n/a	n/a	n/a	n/a	n/a	n/a	n/a	n/a	n/a	n/a	n/a	n/a	n/a	n/a	n/a	n/a	n/a	n/a	n/a	n/a	n/a	n/a	n/a	n/a	n/a	n/a	n/a	n/a	n/a	n/a	n/a	n/a	2,641.86	n/a	n/a	n/a	n/a	n/a	n/a	n/a	n/a	n/a
Indonesia	358.28	376.28	391.98	366.59	359.69	358.46	343.77	364.11	386.75	398.57	399.03	405.97	422.14	422.70	469.02	476.22	493.39	513.55	542.01	598.56	659.07	751.41	758.93	797.65	811.46	802.65	803.69	814.17	829.92	848.69	916.03	965.99	976.91	1,016.99	1,079.26	1,196.46	1,293.28	1,374.31	1,271.37	1,311.85	1,314.35	1,341.79	1,374.48	1,408.85	1,459.12	1,496.67	1,523.77	1,579.02	1,641.41	1,698.44	1,755.30	1,819.43	1,894.01	1,971.16	2,048.28	2,120.40	2,200.36	2,282.99	2,373.18	2,468.34
Kiribati	n/a	n/a	n/a	n/a	n/a	n/a	n/a	n/a	n/a	n/a	n/a	n/a	n/a	n/a	n/a	n/a	n/a	n/a	n/a	n/a	n/a	n/a	n/a	n/a	n/a	n/a	n/a	n/a	n/a	n/a	n/a	n/a	n/a	n/a	n/a	n/a	n/a	n/a	n/a	n/a	n/a	n/a	n/a	n/a	n/a	n/a	n/a	n/a	1,535.40	1,418.35	1,365.26	1,428.98	1,426.95	1,456.04	1,499.33	1,644.91	1,700.65	1,742.57	1,596.34	n/a
Lao People's Democratic Republic	n/a	n/a	n/a	n/a	n/a	n/a	n/a	n/a	n/a	n/a	n/a	n/a	n/a	n/a	n/a	n/a	n/a	n/a	n/a	n/a	n/a	n/a	n/a	n/a	n/a	n/a	n/a	n/a	n/a	n/a	n/a	n/a	n/a	n/a	n/a	n/a	n/a	n/a	n/a	n/a	413.37	485.68	472.54	535.65	583.50	613.80	631.93	624.54	718.79	736.65	850.79	864.42	978.28	1,010.73	1,042.25	1,072.81	1,104.27	n/a	n/a	n/a
Malaysia	930.15	958.37	973.36	973.55	993.92	1,017.26	1,027.56	1,011.31	1,001.94	1,041.20	1,051.07	1,089.67	1,120.62	1,190.56	1,267.26	1,229.67	1,267.90	1,361.35	1,464.11	1,581.52	1,738.09	1,782.91	1,798.66	1,812.34	1,881.90	1,839.13	1,609.16	1,594.76	1,729.91	1,903.73	2,070.86	2,198.41	2,242.28	2,323.52	2,479.01	2,699.07	2,811.63	2,858.66	2,502.02	2,511.49	2,773.47	2,795.39	2,843.74	3,013.42	3,245.59	3,472.32	3,629.61	3,930.90	4,192.74	4,140.11	4,350.01	4,576.75	4,887.53	5,170.54	5,457.61	5,708.73	5,961.26	6,286.98	6,695.72	7,111.74
Marshall Islands	n/a	n/a	n/a	n/a	n/a	n/a	n/a	n/a	n/a	n/a	n/a	n/a	n/a	n/a	n/a	n/a	n/a	n/a	n/a	n/a	n/a	n/a	n/a	n/a	n/a	n/a	n/a	n/a	n/a	n/a	n/a	n/a	n/a	n/a	n/a	n/a	n/a	n/a	n/a	n/a	n/a	n/a	n/a	n/a	2,588.46	2,554.94	2,406.93	2,483.48	2,344.17	2,192.83	2,176.00	2,265.99	2,300.28	2,463.87	2,351.73	2,313.01	2,385.41	2,615.21	2,578.26	n/a
Mongolia	n/a	n/a	n/a	n/a	n/a	n/a	n/a	n/a	n/a	n/a	n/a	n/a	n/a	n/a	n/a	n/a	n/a	n/a	n/a	n/a	n/a	n/a	n/a	n/a	n/a	n/a	n/a	n/a	n/a	n/a	n/a	n/a	n/a	n/a	n/a	n/a	n/a	n/a	n/a	n/a	n/a	n/a	n/a	n/a	n/a	n/a	n/a	n/a	n/a	n/a	1,459.55	1,659.76	1,839.47	2,081.31	2,168.50	2,299.41	2,196.66	2,271.83	2,508.32	2,709.05
Myanmar	n/a	n/a	n/a	n/a	n/a	n/a	n/a	n/a	n/a	n/a	n/a	n/a	n/a	n/a	n/a	n/a	n/a	n/a	n/a	n/a	n/a	n/a	n/a	n/a	n/a	n/a	n/a	n/a	n/a	n/a	n/a	n/a	n/a	n/a	n/a	n/a	n/a	n/a	n/a	n/a	n/a	n/a	n/a	n/a	n/a	n/a	n/a	n/a	n/a	n/a	553.03	n/a	n/a	n/a	n/a	n/a	n/a	n/a	n/a	n/a
Northern Mariana Islands	n/a	n/a	n/a	n/a	n/a	n/a	n/a	n/a	n/a	n/a	n/a	n/a	n/a	n/a	n/a	n/a	n/a	n/a	n/a	n/a	n/a	n/a	n/a	n/a	n/a	n/a	n/a	n/a	n/a	n/a	n/a	n/a	n/a	n/a	n/a	n/a	n/a	n/a	n/a	n/a	n/a	n/a	9,815.22	10,410.70	10,173.00	8,767.94	9,370.29	9,302.52	9,276.10	7,917.23	8,189.58	7,925.33	8,065.00	8,413.30	8,694.05	8,905.56	9,177.52	9,750.44	9,590.58	n/a
Palau	n/a	n/a	n/a	n/a	n/a	n/a	n/a	n/a	n/a	n/a	n/a	n/a	n/a	n/a	n/a	n/a	n/a	n/a	n/a	n/a	n/a	n/a	n/a	n/a	n/a	n/a	n/a	n/a	n/a	n/a	n/a	n/a	n/a	n/a	n/a	n/a	n/a	n/a	n/a	n/a	n/a	n/a	n/a	n/a	n/a	6,995.99	7,125.19	7,443.80	7,566.03	7,273.29	7,167.86	7,469.56	8,065.61	8,277.83	8,427.47	8,764.78	9,273.59	9,210.76	9,651.97	n/a
Philippines	742.39	753.22	770.17	790.06	795.71	809.01	824.80	841.06	854.74	863.31	863.66	867.51	870.76	894.96	912.47	929.82	949.60	972.58	995.69	1,015.85	1,032.99	1,031.78	1,038.64	1,016.79	992.14	954.46	960.01	972.49	1,006.16	1,029.46	1,057.61	1,054.93	1,063.08	1,069.53	1,083.48	1,098.95	1,123.71	1,153.47	1,167.01	1,187.71	1,222.75	1,244.14	1,280.39	1,321.87	1,372.51	1,406.68	1,439.46	1,483.09	1,514.87	1,527.80	1,556.50	1,615.36	1,696.03	1,764.61	1,836.20	1,923.91	2,030.62	2,120.72	2,211.88	2,309.89
Thailand	460.11	460.24	480.53	490.36	503.06	520.62	538.96	577.19	617.68	631.32	637.85	631.13	652.26	689.40	703.70	722.69	760.12	801.54	833.38	875.38	904.05	905.69	908.58	959.66	984.19	980.43	997.00	1,063.99	1,137.18	1,244.64	1,385.41	1,443.31	1,553.15	1,668.71	1,783.70	1,912.15	1,986.25	1,935.19	1,716.96	1,766.31	1,870.97	1,962.99	2,067.88	2,203.26	2,350.70	2,433.69	2,486.79	2,502.37	2,559.78	2,524.02	2,648.61	2,684.26	2,867.61	2,881.86	2,884.77	2,947.96	3,021.62	3,104.17	3,235.62	3,370.66
Timor-Leste	n/a	n/a	n/a	n/a	n/a	n/a	n/a	n/a	n/a	n/a	n/a	n/a	n/a	n/a	n/a	n/a	n/a	n/a	n/a	n/a	n/a	n/a	n/a	n/a	n/a	n/a	n/a	n/a	n/a	n/a	n/a	n/a	n/a	n/a	n/a	n/a	n/a	n/a	n/a	n/a	658.49	732.25	703.51	638.85	635.72	611.30	528.15	548.35	508.08	564.65	575.75	572.57	580.68	599.82	622.02	602.70	618.12	625.05	623.12	632.73
Tonga	n/a	n/a	n/a	n/a	n/a	n/a	n/a	n/a	n/a	n/a	n/a	n/a	n/a	n/a	n/a	n/a	n/a	n/a	n/a	n/a	n/a	n/a	n/a	n/a	n/a	n/a	n/a	n/a	n/a	n/a	n/a	n/a	n/a	n/a	n/a	n/a	n/a	n/a	n/a	n/a	n/a	n/a	n/a	n/a	n/a	n/a	n/a	n/a	n/a	n/a	3,481.78	n/a	n/a	n/a	n/a	n/a	n/a	n/a	n/a	n/a
Vanuatu	n/a	n/a	n/a	n/a	n/a	n/a	n/a	n/a	n/a	n/a	n/a	n/a	n/a	n/a	n/a	n/a	n/a	n/a	n/a	n/a	n/a	n/a	n/a	n/a	n/a	n/a	n/a	n/a	n/a	n/a	n/a	n/a	n/a	n/a	n/a	n/a	n/a	n/a	n/a	n/a	n/a	n/a	n/a	n/a	1,822.80	1,823.35	1,832.22	1,784.72	1,794.34	1,796.86	1,796.97	1,801.72	1,805.57	1,816.16	1,835.32	n/a	n/a	n/a	n/a	n/a
Vietnam	n/a	n/a	n/a	n/a	n/a	n/a	n/a	n/a	n/a	n/a	n/a	n/a	n/a	n/a	n/a	n/a	n/a	n/a	n/a	n/a	n/a	n/a	n/a	n/a	n/a	n/a	n/a	n/a	n/a	n/a	n/a	n/a	n/a	n/a	390.56	411.70	442.29	461.97	476.53	483.21	492.62	509.34	542.87	580.89	616.40	655.07	697.45	758.47	808.83	818.99	877.21	903.86	938.14	976.39	1,025.29	1,109.31	1,178.06	1,251.85	1,329.47	1,413.68
Europe and Central Asia
Albania	n/a	n/a	n/a	n/a	n/a	n/a	n/a	n/a	n/a	n/a	n/a	n/a	n/a	n/a	n/a	n/a	n/a	n/a	n/a	n/a	n/a	n/a	n/a	n/a	n/a	n/a	n/a	n/a	n/a	n/a	n/a	n/a	n/a	n/a	n/a	n/a	1,877.26	1,549.57	1,475.89	1,529.85	1,635.04	1,716.45	1,845.02	2,044.17	2,128.52	2,276.21	2,448.85	2,781.57	3,086.85	3,129.94	3,198.07	3,263.48	3,273.09	3,339.33	3,440.48	3,491.86	3,572.12	3,662.27	3,793.91	n/a
Armenia	n/a	n/a	n/a	n/a	n/a	n/a	n/a	n/a	n/a	n/a	n/a	n/a	n/a	n/a	n/a	n/a	n/a	n/a	n/a	n/a	n/a	n/a	n/a	n/a	n/a	n/a	n/a	n/a	n/a	n/a	n/a	n/a	n/a	n/a	911.51	1,020.09	1,078.30	1,177.74	1,243.94	1,261.20	1,373.35	1,481.32	1,612.80	1,739.10	1,904.75	2,091.44	2,282.44	2,606.89	2,770.31	2,664.46	2,776.07	2,843.46	3,093.42	3,130.37	3,163.58	2,913.01	2,842.73	3,231.02	3,377.94	3,764.50
Azerbaijan	n/a	n/a	n/a	n/a	n/a	n/a	n/a	n/a	n/a	n/a	n/a	n/a	n/a	n/a	n/a	n/a	n/a	n/a	n/a	n/a	n/a	n/a	n/a	n/a	n/a	n/a	n/a	n/a	n/a	n/a	n/a	n/a	1,158.11	852.07	615.34	592.48	642.24	711.77	803.05	893.15	1,078.48	1,036.73	1,156.92	1,214.52	1,332.18	1,598.15	2,155.61	2,516.81	2,626.81	2,737.21	2,299.88	2,812.78	2,836.72	n/a	n/a	n/a	n/a	n/a	n/a	n/a
Belarus	n/a	n/a	n/a	n/a	n/a	n/a	n/a	n/a	n/a	n/a	n/a	n/a	n/a	n/a	n/a	n/a	n/a	n/a	n/a	n/a	n/a	n/a	n/a	n/a	n/a	n/a	n/a	n/a	n/a	n/a	1,101.86	1,032.63	973.92	924.15	795.85	705.37	745.47	830.02	944.46	1,034.71	1,119.93	1,320.51	1,475.66	1,592.91	1,754.58	2,025.27	2,296.59	2,615.60	3,053.29	3,060.11	3,355.06	3,435.44	3,806.07	4,210.82	4,387.15	4,278.56	4,136.90	4,332.06	4,682.20	4,905.90
Bosnia and Herzegovina	n/a	n/a	n/a	n/a	n/a	n/a	n/a	n/a	n/a	n/a	n/a	n/a	n/a	n/a	n/a	n/a	n/a	n/a	n/a	n/a	n/a	n/a	n/a	n/a	n/a	n/a	n/a	n/a	n/a	n/a	n/a	n/a	n/a	n/a	n/a	n/a	n/a	n/a	n/a	n/a	n/a	n/a	n/a	n/a	n/a	n/a	3,760.43	4,031.37	4,045.16	3,892.69	3,928.28	3,969.55	4,005.38	4,078.04	4,227.33	4,359.84	4,510.43	4,605.87	4,752.94	4,916.59
Bulgaria	n/a	n/a	n/a	n/a	n/a	n/a	n/a	n/a	n/a	n/a	n/a	n/a	n/a	n/a	n/a	n/a	n/a	n/a	n/a	n/a	2,375.40	2,474.68	2,597.61	2,650.94	2,781.08	2,778.11	2,831.76	2,989.20	3,181.71	3,096.29	3,332.24	2,522.37	2,488.42	2,435.60	2,336.36	2,782.45	2,889.22	1,964.86	1,938.57	2,091.79	2,297.58	2,523.31	2,728.28	2,925.94	3,223.97	3,489.78	3,815.41	4,279.04	4,456.46	4,291.90	4,332.99	4,474.26	4,649.96	4,555.65	4,714.18	4,924.81	5,133.93	5,367.98	5,644.92	5,995.13
Croatia	n/a	n/a	n/a	n/a	n/a	n/a	n/a	n/a	n/a	n/a	n/a	n/a	n/a	n/a	n/a	n/a	n/a	n/a	n/a	n/a	n/a	n/a	n/a	n/a	n/a	n/a	n/a	n/a	n/a	n/a	n/a	n/a	n/a	n/a	n/a	5,253.09	5,424.71	6,097.47	6,024.25	5,872.89	6,200.25	6,779.59	7,420.25	7,762.97	8,114.18	8,474.84	8,581.88	9,015.11	9,288.35	8,475.30	8,365.15	8,483.34	8,307.54	8,205.04	8,036.36	8,132.35	8,445.79	8,814.85	9,191.26	9,561.19
Czech Republic	n/a	n/a	n/a	n/a	n/a	n/a	n/a	n/a	n/a	n/a	n/a	n/a	n/a	n/a	n/a	n/a	n/a	n/a	n/a	n/a	n/a	n/a	n/a	n/a	n/a	n/a	n/a	n/a	n/a	n/a	6,827.46	5,377.39	5,845.22	5,911.78	6,156.79	6,442.86	6,931.30	7,142.31	7,120.49	7,355.65	7,488.63	7,742.78	7,997.73	8,409.59	8,648.81	8,945.84	9,256.36	9,583.46	9,788.93	9,687.43	9,790.28	9,808.47	9,688.99	9,773.87	9,900.96	10,263.80	10,631.60	11,032.20	11,378.00	11,682.60
Estonia	n/a	n/a	n/a	n/a	n/a	n/a	n/a	n/a	n/a	n/a	n/a	n/a	n/a	n/a	n/a	n/a	n/a	n/a	n/a	n/a	n/a	n/a	n/a	n/a	n/a	n/a	n/a	n/a	n/a	n/a	n/a	n/a	n/a	3,066.21	3,159.87	3,380.05	3,766.61	4,314.54	4,511.97	4,517.77	4,812.81	5,178.12	5,718.13	6,310.35	6,861.29	7,569.56	8,590.21	9,358.51	8,964.26	7,753.14	7,700.74	7,995.20	8,375.06	8,704.62	9,044.53	9,487.58	9,915.50	10,186.00	10,614.00	10,921.70
Georgia	n/a	n/a	n/a	n/a	n/a	n/a	n/a	n/a	n/a	n/a	n/a	n/a	n/a	n/a	n/a	n/a	n/a	n/a	n/a	n/a	n/a	n/a	n/a	n/a	n/a	n/a	n/a	n/a	n/a	n/a	n/a	n/a	n/a	n/a	n/a	n/a	n/a	n/a	n/a	n/a	n/a	n/a	n/a	n/a	n/a	n/a	n/a	n/a	n/a	n/a	2,625.24	2,883.41	3,026.02	3,112.32	3,288.78	3,408.03	3,213.35	3,450.25	3,652.18	n/a
Hungary	n/a	n/a	n/a	n/a	n/a	n/a	n/a	n/a	n/a	n/a	n/a	n/a	n/a	n/a	n/a	n/a	n/a	n/a	n/a	n/a	n/a	n/a	n/a	n/a	n/a	n/a	n/a	n/a	n/a	n/a	n/a	4,942.30	5,031.84	5,258.05	5,289.17	4,908.21	4,796.53	4,903.94	5,152.96	5,511.43	5,697.13	5,969.34	6,458.29	7,022.66	7,179.88	7,399.94	7,526.30	7,616.31	7,532.56	7,037.29	6,966.66	7,045.84	6,922.83	6,931.31	7,117.08	7,403.70	7,776.99	8,191.14	8,618.79	9,015.00
Kazakhstan	n/a	n/a	n/a	n/a	n/a	n/a	n/a	n/a	n/a	n/a	n/a	n/a	n/a	n/a	n/a	n/a	n/a	n/a	n/a	n/a	n/a	n/a	n/a	n/a	n/a	n/a	n/a	n/a	n/a	n/a	3,410.53	3,235.03	3,200.80	2,919.41	2,264.53	1,833.04	1,765.48	1,850.95	1,870.20	1,897.16	1,927.16	2,085.87	2,140.00	2,384.17	2,695.67	2,957.36	3,293.76	3,608.49	3,827.89	3,745.49	4,116.23	4,541.87	4,929.54	5,376.07	5,367.83	5,386.20	5,375.68	5,384.82	5,637.48	5,887.03
Kosovo	n/a	n/a	n/a	n/a	n/a	n/a	n/a	n/a	n/a	n/a	n/a	n/a	n/a	n/a	n/a	n/a	n/a	n/a	n/a	n/a	n/a	n/a	n/a	n/a	n/a	n/a	n/a	n/a	n/a	n/a	n/a	n/a	n/a	n/a	n/a	n/a	n/a	n/a	n/a	n/a	n/a	n/a	n/a	n/a	n/a	n/a	2,272.82	2,525.50	2,719.32	2,760.00	2,832.77	2,908.54	3,061.25	3,231.14	3,553.26	3,842.69	4,121.94	4,075.23	4,256.47	4,350.59
Kyrgyz Republic	n/a	n/a	n/a	n/a	n/a	n/a	n/a	n/a	n/a	n/a	n/a	n/a	n/a	n/a	n/a	n/a	n/a	n/a	n/a	n/a	n/a	n/a	n/a	n/a	n/a	n/a	n/a	n/a	n/a	n/a	n/a	949.48	832.87	745.61	618.93	449.89	463.37	411.95	475.49	472.33	443.48	449.22	466.03	569.13	603.98	646.74	762.59	775.68	867.03	733.50	744.47	804.18	879.21	930.62	939.29	911.61	887.59	925.35	952.64	947.67
Latvia	n/a	n/a	n/a	n/a	n/a	n/a	n/a	n/a	n/a	n/a	n/a	n/a	n/a	n/a	n/a	n/a	n/a	n/a	n/a	n/a	n/a	n/a	n/a	n/a	n/a	n/a	n/a	n/a	n/a	n/a	n/a	n/a	n/a	n/a	n/a	3,365.46	3,592.57	3,822.81	3,897.34	4,062.78	4,190.35	4,463.23	4,787.75	5,221.70	5,790.43	6,467.46	7,749.40	8,684.34	8,042.20	6,891.80	7,187.66	7,545.89	7,964.83	8,499.11	8,632.06	8,897.38	9,193.62	9,555.73	9,885.22	10,176.80
Lithuania	n/a	n/a	n/a	n/a	n/a	n/a	n/a	n/a	n/a	n/a	n/a	n/a	n/a	n/a	n/a	n/a	n/a	n/a	n/a	n/a	n/a	n/a	n/a	n/a	n/a	n/a	n/a	n/a	n/a	n/a	n/a	n/a	n/a	n/a	n/a	3,197.61	3,425.80	3,645.89	3,847.32	4,066.66	4,376.87	4,596.58	4,912.40	5,515.24	6,183.61	7,011.68	7,774.67	8,849.01	9,287.03	7,757.53	7,677.86	8,192.28	8,559.13	9,018.81	9,432.80	9,908.05	10,444.60	10,966.80	11,480.80	11,933.00
Moldova	n/a	n/a	n/a	n/a	n/a	n/a	n/a	n/a	n/a	n/a	n/a	n/a	n/a	n/a	n/a	n/a	n/a	n/a	n/a	n/a	n/a	n/a	n/a	n/a	n/a	n/a	n/a	n/a	n/a	n/a	n/a	n/a	n/a	n/a	n/a	732.29	873.11	960.00	1,008.37	924.48	1,120.26	1,191.35	1,268.62	1,508.31	1,606.52	1,830.18	1,978.79	2,054.42	2,178.48	2,006.26	2,198.97	2,403.11	2,425.63	2,581.36	2,724.37	2,679.33	2,789.39	2,986.91	3,158.75	3,319.15
Montenegro	n/a	n/a	n/a	n/a	n/a	n/a	n/a	n/a	n/a	n/a	n/a	n/a	n/a	n/a	n/a	n/a	n/a	n/a	n/a	n/a	n/a	n/a	n/a	n/a	n/a	n/a	n/a	n/a	n/a	n/a	n/a	n/a	n/a	n/a	n/a	n/a	n/a	n/a	n/a	n/a	n/a	n/a	n/a	n/a	n/a	n/a	5,071.38	5,661.81	6,282.22	5,375.66	5,472.93	5,492.50	5,273.58	5,352.12	5,499.80	5,619.04	5,918.94	6,151.17	6,435.05	6,633.08
North Macedonia	n/a	n/a	n/a	n/a	n/a	n/a	n/a	n/a	n/a	n/a	n/a	n/a	n/a	n/a	n/a	n/a	n/a	n/a	n/a	n/a	n/a	n/a	n/a	n/a	n/a	n/a	n/a	n/a	n/a	n/a	2,122.68	1,959.99	1,762.70	1,928.45	2,104.68	2,216.95	2,236.25	2,256.93	2,323.67	2,409.70	2,501.11	2,239.64	2,454.91	2,559.56	2,746.48	2,938.89	3,044.04	3,272.12	3,425.65	3,309.68	3,431.83	3,245.16	3,281.24	3,339.42	3,409.64	3,558.04	3,693.53	3,717.02	n/a	n/a
Poland	n/a	n/a	n/a	n/a	n/a	n/a	n/a	n/a	n/a	n/a	n/a	n/a	n/a	n/a	n/a	n/a	n/a	n/a	n/a	n/a	n/a	n/a	n/a	n/a	n/a	n/a	n/a	n/a	n/a	n/a	n/a	n/a	n/a	n/a	n/a	4,017.07	4,365.73	4,682.52	4,912.73	5,185.57	5,391.84	5,502.28	5,717.94	5,800.87	6,055.92	6,168.61	6,464.40	6,833.17	7,288.49	7,534.41	7,755.69	7,971.49	8,007.11	8,031.54	8,237.08	8,550.01	8,892.12	9,309.60	9,729.70	10,110.80
Romania	n/a	n/a	n/a	n/a	n/a	n/a	n/a	n/a	n/a	n/a	n/a	n/a	n/a	n/a	n/a	n/a	n/a	n/a	n/a	n/a	n/a	n/a	n/a	n/a	n/a	n/a	n/a	n/a	n/a	n/a	2,256.34	2,007.68	1,912.74	1,939.16	2,015.58	2,257.01	2,434.56	2,329.48	2,473.82	2,373.76	2,413.57	2,651.52	2,892.12	3,157.17	3,678.17	4,116.40	4,563.51	5,272.48	5,827.62	5,503.16	5,259.81	5,341.85	5,468.48	5,512.02	5,760.98	6,132.46	6,661.41	7,421.17	8,037.47	8,528.57
Russian Federation	n/a	n/a	n/a	n/a	n/a	n/a	n/a	n/a	n/a	n/a	n/a	n/a	n/a	n/a	n/a	n/a	n/a	n/a	n/a	n/a	n/a	n/a	n/a	n/a	n/a	n/a	n/a	n/a	n/a	n/a	n/a	n/a	n/a	n/a	n/a	n/a	2,237.35	2,349.00	2,275.64	2,217.55	2,385.44	2,617.70	2,847.63	3,075.19	3,455.88	3,871.95	4,350.97	4,975.42	5,498.57	5,214.99	5,496.33	5,859.66	6,290.03	6,595.87	6,613.31	5,976.75	5,814.43	6,022.81	6,221.76	6,383.37
Serbia	n/a	n/a	n/a	n/a	n/a	n/a	n/a	n/a	n/a	n/a	n/a	n/a	n/a	n/a	n/a	n/a	n/a	n/a	n/a	n/a	n/a	n/a	n/a	n/a	n/a	n/a	n/a	n/a	n/a	n/a	n/a	n/a	n/a	n/a	n/a	2,525.31	2,591.84	2,705.46	2,791.67	2,538.53	2,675.96	2,721.48	2,974.69	3,061.19	3,458.20	3,550.56	3,940.04	4,260.13	4,470.46	4,338.16	4,329.16	4,425.18	4,371.26	4,318.26	4,334.30	4,328.05	4,433.04	4,555.14	4,722.78	4,917.26
Slovak Republic	n/a	n/a	n/a	n/a	n/a	n/a	n/a	n/a	n/a	n/a	n/a	n/a	n/a	n/a	n/a	n/a	n/a	n/a	n/a	n/a	n/a	n/a	n/a	n/a	n/a	n/a	n/a	n/a	n/a	n/a	n/a	n/a	n/a	4,896.12	4,925.13	5,175.68	5,567.73	5,765.92	6,043.81	5,998.26	6,158.08	6,496.32	6,866.48	6,932.34	7,437.78	7,772.75	8,263.39	8,910.93	9,527.99	9,498.79	9,566.60	9,371.16	9,392.77	9,271.93	9,436.84	9,688.45	10,052.00	10,484.10	10,894.10	11,130.80
Slovenia	n/a	n/a	n/a	n/a	n/a	n/a	n/a	n/a	n/a	n/a	n/a	n/a	n/a	n/a	n/a	n/a	n/a	n/a	n/a	n/a	n/a	n/a	n/a	n/a	n/a	n/a	n/a	n/a	n/a	n/a	8,076.24	7,187.00	6,935.49	7,918.11	8,246.17	8,994.31	9,247.63	9,524.16	9,822.42	10,464.90	10,420.70	10,701.50	10,943.90	11,320.50	11,600.20	11,819.40	11,933.80	12,640.80	12,982.90	13,132.90	13,203.10	13,280.20	12,962.10	12,435.00	12,624.50	12,870.90	13,433.60	13,673.80	14,120.90	14,696.60
Tajikistan	n/a	n/a	n/a	n/a	n/a	n/a	n/a	n/a	n/a	n/a	n/a	n/a	n/a	n/a	n/a	n/a	n/a	n/a	n/a	n/a	n/a	n/a	n/a	n/a	n/a	n/a	n/a	n/a	n/a	n/a	n/a	n/a	n/a	704.75	439.33	521.07	362.46	476.02	537.26	480.38	568.82	585.92	627.71	659.22	689.02	717.10	743.48	768.12	791.01	812.15	831.55	849.31	865.51	880.16	n/a	n/a	n/a	n/a	n/a	n/a
Turkey	n/a	n/a	n/a	n/a	n/a	n/a	n/a	n/a	n/a	n/a	n/a	n/a	n/a	n/a	n/a	n/a	n/a	n/a	n/a	n/a	n/a	n/a	n/a	n/a	n/a	n/a	n/a	4,169.57	4,142.95	4,027.57	4,476.93	4,486.46	4,559.41	4,865.25	4,533.96	4,713.64	5,033.05	5,369.44	5,341.27	5,239.24	5,394.42	4,958.48	5,079.90	5,414.42	5,850.51	6,138.11	6,284.30	6,537.41	6,477.93	6,162.07	6,733.26	7,440.49	7,549.69	7,982.35	8,092.99	8,381.45	8,557.70	8,921.72	8,835.95	8,854.05
Turkmenistan	n/a	n/a	n/a	n/a	n/a	n/a	n/a	n/a	n/a	n/a	n/a	n/a	n/a	n/a	n/a	n/a	n/a	n/a	n/a	n/a	n/a	n/a	n/a	n/a	n/a	n/a	n/a	n/a	n/a	n/a	n/a	n/a	n/a	n/a	n/a	n/a	n/a	n/a	n/a	n/a	n/a	n/a	n/a	n/a	n/a	n/a	n/a	n/a	n/a	n/a	223.95	n/a	n/a	n/a	n/a	n/a	n/a	n/a	n/a	n/a
Ukraine	n/a	n/a	n/a	n/a	n/a	n/a	n/a	n/a	n/a	n/a	n/a	n/a	n/a	n/a	n/a	n/a	n/a	n/a	n/a	n/a	n/a	n/a	n/a	n/a	n/a	n/a	n/a	n/a	n/a	n/a	1,366.09	1,235.42	1,117.81	827.15	757.60	750.61	687.02	691.49	709.38	701.41	725.44	799.44	878.38	980.25	1,107.51	1,331.42	1,546.86	1,821.06	2,066.54	1,765.73	1,890.92	2,193.51	2,377.97	2,547.77	2,476.66	1,997.75	2,052.22	2,253.50	2,476.00	2,787.65
Uzbekistan	n/a	n/a	n/a	n/a	n/a	n/a	n/a	n/a	n/a	n/a	n/a	n/a	n/a	n/a	n/a	n/a	n/a	n/a	n/a	n/a	n/a	n/a	n/a	n/a	n/a	n/a	n/a	n/a	n/a	n/a	n/a	n/a	n/a	n/a	n/a	n/a	n/a	n/a	n/a	n/a	n/a	n/a	n/a	n/a	n/a	n/a	n/a	n/a	n/a	n/a	932.11	1,029.73	1,124.26	1,218.97	1,326.69	1,458.43	1,567.89	1,601.46	1,666.43	1,745.87
Latin America and the Caribbean
Argentina	n/a	n/a	n/a	n/a	n/a	n/a	n/a	n/a	n/a	n/a	n/a	n/a	n/a	n/a	n/a	n/a	n/a	n/a	n/a	n/a	n/a	n/a	n/a	n/a	n/a	n/a	n/a	n/a	n/a	n/a	n/a	n/a	n/a	4,850.70	5,080.37	4,798.62	5,004.12	5,390.45	5,514.97	5,344.93	5,251.56	4,896.28	4,148.27	4,439.29	4,809.98	5,112.30	5,615.11	6,078.48	6,454.46	6,045.34	6,671.33	7,212.70	7,210.34	7,389.56	6,990.23	7,168.12	7,037.39	7,254.41	7,021.21	6,493.82
Barbados	n/a	n/a	n/a	n/a	n/a	n/a	n/a	n/a	n/a	n/a	n/a	n/a	n/a	n/a	n/a	n/a	n/a	n/a	n/a	n/a	n/a	n/a	n/a	n/a	n/a	n/a	n/a	n/a	n/a	n/a	n/a	n/a	n/a	n/a	n/a	n/a	n/a	n/a	n/a	n/a	n/a	n/a	n/a	n/a	n/a	n/a	n/a	n/a	n/a	n/a	12,486.10	n/a	n/a	n/a	n/a	n/a	n/a	n/a	n/a	n/a
Belize	n/a	n/a	n/a	n/a	n/a	n/a	n/a	n/a	n/a	n/a	n/a	n/a	n/a	n/a	n/a	n/a	n/a	n/a	n/a	n/a	n/a	n/a	n/a	n/a	n/a	n/a	n/a	n/a	n/a	n/a	n/a	n/a	2,702.31	2,696.30	2,789.62	2,844.82	2,798.61	2,760.40	2,836.10	2,970.61	3,103.71	3,301.51	3,424.60	3,458.36	3,361.81	3,209.03	3,049.70	3,070.41	2,935.40	2,981.82	3,005.08	3,070.89	3,037.65	3,117.76	3,072.00	3,150.56	3,251.63	3,051.88	2,905.14	2,858.55
Bolivia	694.54	730.66	717.59	743.01	734.25	771.45	813.13	844.74	851.69	888.28	926.56	939.15	928.07	983.09	992.19	1,010.44	1,065.58	1,095.96	1,041.97	1,028.28	1,025.23	1,008.29	948.37	886.83	868.89	885.13	910.07	918.89	907.70	904.54	915.51	926.16	939.07	950.13	957.84	965.95	977.37	1,009.90	1,042.03	1,050.03	1,053.65	1,046.88	1,048.42	1,048.62	1,059.71	1,075.63	1,099.98	1,126.31	1,168.14	1,191.04	1,218.22	1,260.99	1,298.12	1,353.58	1,405.07	1,455.94	1,483.28	1,531.10	1,574.41	1,609.61
Brazil	1,935.00	2,053.09	2,121.00	2,045.82	2,055.60	2,019.12	2,047.62	2,168.32	2,359.69	2,203.17	2,542.77	2,802.97	3,051.83	3,252.91	3,558.32	3,291.63	3,776.63	4,111.99	4,091.95	4,417.00	4,698.99	4,482.44	4,520.79	4,644.85	4,972.54	4,806.21	4,747.94	4,471.54	4,444.56	4,192.86	4,237.80	4,508.52	4,403.58	4,527.43	4,785.59	5,115.18	5,188.81	5,263.23	5,146.05	5,089.57	5,219.95	5,188.79	5,188.66	5,095.85	5,232.55	5,401.68	5,625.47	5,922.38	6,242.84	6,458.62	6,796.89	7,059.43	7,241.48	7,427.67	7,530.09	7,227.00	6,889.36	6,972.52	7,060.24	7,136.04
Chile	2,261.45	2,342.08	2,387.97	2,438.70	2,376.76	2,330.14	2,546.86	2,588.07	2,642.46	2,736.34	2,676.47	2,980.06	3,158.88	2,904.65	2,336.80	2,037.94	2,011.84	2,298.48	2,434.42	2,554.24	2,691.71	3,009.24	2,529.99	2,352.11	2,333.53	2,276.87	2,357.14	2,488.12	2,620.56	2,839.79	2,854.84	3,057.26	3,421.92	3,616.76	3,851.33	4,166.31	4,494.71	4,771.72	4,939.64	4,830.83	4,971.80	5,016.89	5,069.31	5,243.26	5,618.72	5,988.94	6,368.05	6,746.10	6,951.41	6,818.85	7,470.26	8,002.60	8,405.47	8,704.49	8,842.67	8,924.68	9,045.54	9,221.60	9,433.38	9,420.74
Colombia	1,705.14	1,765.85	1,844.48	1,875.04	1,997.61	1,897.58	1,973.89	1,959.10	2,032.70	2,128.54	2,206.53	2,318.55	2,397.41	2,458.23	2,549.66	2,567.60	2,686.12	2,732.80	2,896.78	2,955.14	3,018.16	3,038.78	3,017.27	2,966.25	2,986.99	2,980.05	3,013.95	3,065.25	3,117.19	3,154.94	3,186.77	3,173.97	3,207.18	3,337.98	3,469.67	3,592.00	3,565.35	3,588.49	3,500.11	3,257.30	3,269.50	3,268.49	3,283.34	3,330.37	3,410.37	3,513.79	3,689.73	3,883.28	3,995.80	4,019.10	4,178.04	4,365.39	4,569.99	4,738.27	4,889.95	4,982.51	4,992.66	5,018.65	5,091.42	5,246.33
Costa Rica	2,231.21	2,528.29	2,457.01	2,547.70	2,587.26	2,983.89	2,894.12	2,954.72	3,043.64	3,089.78	3,302.32	3,254.12	3,320.20	3,373.67	3,458.82	3,446.25	3,498.84	3,873.36	4,087.09	4,074.31	3,894.06	3,466.61	3,049.68	3,133.91	3,271.24	3,321.59	3,404.57	3,440.22	3,423.88	3,506.95	3,558.11	3,433.28	3,665.72	3,908.73	4,005.13	3,990.67	3,966.28	4,060.54	4,149.31	4,120.35	4,077.95	4,101.44	4,196.42	4,296.59	4,342.37	4,486.74	4,650.33	4,938.02	5,157.53	5,139.96	5,324.70	5,588.47	5,862.18	5,964.68	6,143.19	6,357.62	6,539.87	6,707.83	6,771.36	6,824.65
Cuba	n/a	n/a	n/a	n/a	n/a	n/a	n/a	n/a	n/a	n/a	1,367.87	1,459.07	1,502.82	1,528.63	1,520.62	1,641.99	1,710.55	1,842.67	1,950.06	1,960.34	1,847.08	2,195.80	2,395.65	2,521.27	2,717.30	2,662.62	2,665.72	2,690.36	2,722.60	2,737.56	2,534.89	2,259.02	1,844.98	1,628.04	1,712.46	1,729.70	1,789.09	1,822.06	1,848.05	1,934.48	1,967.51	2,035.71	2,072.61	2,195.33	2,224.94	2,231.13	2,648.66	2,691.26	2,647.07	2,673.25	2,883.44	2,921.00	3,010.59	3,158.76	3,296.50	3,533.32	3,676.29	3,736.57	3,820.78	n/a
Dominican Republic	1,014.75	985.38	1,158.32	1,225.73	1,280.67	1,056.25	1,221.01	1,233.51	1,212.54	1,262.75	1,443.87	1,469.77	1,493.84	1,608.19	1,675.34	1,738.92	1,786.98	1,843.02	1,796.47	1,713.59	2,010.82	1,966.71	2,006.49	2,017.23	2,022.08	1,946.42	1,988.38	2,184.44	2,305.21	2,378.94	2,121.64	2,142.06	2,378.10	2,432.79	2,389.73	2,491.43	2,537.47	2,695.07	2,734.37	2,850.18	2,901.00	2,902.00	2,966.94	2,848.50	2,885.48	3,205.21	3,449.96	3,603.12	3,751.34	3,912.13	4,129.95	4,256.97	4,286.42	4,330.55	4,507.90	4,743.68	4,973.84	5,133.24	5,366.58	5,556.35
Ecuador	1,327.28	1,358.46	1,409.83	1,409.69	1,487.22	1,481.22	1,448.68	1,453.62	1,478.80	1,514.43	1,598.20	1,633.26	1,554.60	1,585.01	1,784.60	1,980.40	2,068.21	2,088.17	2,080.11	2,186.49	2,297.43	2,404.05	2,417.58	2,269.44	2,253.45	2,286.74	2,236.51	2,321.67	2,203.10	2,154.10	2,232.91	2,269.62	2,240.89	2,260.09	2,309.36	2,349.55	2,328.85	2,416.36	2,530.40	2,178.27	2,154.40	2,273.68	2,392.19	2,422.30	2,535.20	2,603.52	2,671.70	2,738.71	2,839.16	2,765.64	2,931.97	3,035.27	3,076.02	3,148.97	3,185.50	3,131.49	3,004.29	3,061.65	3,070.85	3,064.99
El Salvador	n/a	n/a	n/a	n/a	n/a	1,924.44	2,029.00	2,065.46	2,021.89	1,997.65	2,061.74	2,070.61	2,106.49	2,200.32	2,189.45	2,152.41	2,338.77	2,578.03	2,557.26	2,256.15	1,969.28	1,727.24	1,544.96	1,542.50	1,564.93	1,576.23	1,544.83	1,532.05	1,533.02	1,542.00	1,932.34	1,917.78	2,032.91	2,122.51	2,224.20	2,334.84	2,346.50	2,354.43	2,316.21	2,356.38	2,391.87	2,407.75	2,411.58	2,417.57	2,443.69	2,524.29	2,632.08	2,805.19	2,780.75	2,583.79	2,603.19	2,632.35	2,705.48	2,786.60	2,769.24	2,838.24	2,879.72	2,913.06	2,988.26	3,051.00
Guatemala	1,335.32	1,353.86	1,389.77	1,437.61	1,468.14	1,468.89	1,477.78	1,508.70	1,534.80	1,578.84	1,628.41	1,680.45	1,748.29	1,804.52	1,828.96	1,840.63	1,920.54	2,027.97	2,080.99	2,118.47	2,136.20	2,109.75	1,992.43	1,911.83	1,881.10	1,823.56	1,788.59	1,807.54	1,830.29	1,833.96	1,820.75	1,850.10	1,887.07	1,918.66	1,962.13	2,015.01	2,022.25	2,054.13	2,097.86	2,121.69	2,143.26	2,171.48	2,193.61	2,229.13	2,266.29	2,314.68	2,374.47	2,453.50	2,511.34	2,457.26	2,495.70	2,539.92	2,573.55	2,622.36	2,694.40	2,785.46	2,851.21	2,896.15	2,948.83	3,028.36
Haiti	n/a	n/a	n/a	n/a	n/a	n/a	n/a	n/a	n/a	n/a	n/a	n/a	n/a	n/a	n/a	n/a	n/a	n/a	n/a	n/a	n/a	n/a	n/a	n/a	n/a	n/a	n/a	n/a	856.04	779.34	815.80	764.77	701.04	758.82	667.06	775.32	877.24	890.67	904.74	972.83	1,112.16	1,099.79	1,088.18	1,096.76	1,065.43	1,085.13	1,079.90	1,099.40	1,089.44	1,193.72	1,136.12	1,169.94	1,168.38	1,207.26	1,194.87	1,233.45	1,271.97	1,301.49	1,328.82	1,306.41
Honduras	n/a	n/a	n/a	n/a	n/a	n/a	n/a	n/a	n/a	n/a	n/a	n/a	n/a	n/a	n/a	n/a	n/a	n/a	n/a	n/a	n/a	n/a	n/a	n/a	n/a	n/a	n/a	n/a	n/a	n/a	n/a	n/a	n/a	n/a	n/a	n/a	n/a	n/a	n/a	n/a	1,206.12	1,227.75	1,246.38	1,268.83	1,299.70	1,346.93	1,430.36	1,483.35	1,494.73	1,464.62	1,487.63	1,511.54	1,546.96	1,576.45	1,588.38	1,621.86	1,658.00	1,704.27	1,754.60	1,797.57
Jamaica	n/a	n/a	n/a	n/a	n/a	n/a	n/a	n/a	n/a	n/a	n/a	n/a	n/a	n/a	n/a	n/a	n/a	n/a	n/a	n/a	n/a	n/a	n/a	n/a	n/a	n/a	n/a	n/a	n/a	n/a	n/a	n/a	n/a	n/a	n/a	n/a	n/a	n/a	n/a	n/a	n/a	n/a	n/a	n/a	n/a	n/a	n/a	4,320.26	4,432.16	3,922.29	3,853.71	3,979.18	3,917.57	3,867.60	3,813.13	3,788.39	3,762.87	3,787.94	3,802.49	3,811.67
Mexico	2,051.63	2,064.05	2,088.82	2,157.79	2,317.95	3,133.49	3,186.25	3,294.28	3,410.11	3,521.37	3,647.59	3,694.47	3,837.99	3,985.33	4,026.67	4,105.27	4,144.79	4,149.08	4,325.76	4,593.75	4,944.72	5,183.35	4,937.73	4,567.04	4,611.61	4,661.31	4,446.29	4,350.59	4,342.36	4,548.01	4,734.12	4,874.45	4,974.03	4,896.58	5,068.64	4,692.28	4,826.85	5,107.69	5,353.47	5,529.99	5,839.37	5,902.28	5,920.40	5,970.42	6,169.47	6,250.56	6,410.25	6,474.18	6,423.26	5,933.46	6,058.80	6,175.66	6,235.04	6,261.63	6,314.97	6,404.81	6,559.78	6,690.56	6,783.09	6,750.17
Nicaragua	1,167.57	1,223.66	1,325.97	1,413.82	1,495.69	1,593.94	1,590.62	1,711.34	1,653.13	1,629.10	1,594.33	1,577.91	1,553.70	1,602.33	1,668.80	1,701.70	1,726.47	1,804.22	1,645.16	1,163.69	1,331.27	1,110.78	941.34	864.80	799.99	717.54	643.13	611.12	858.75	792.97	657.68	865.15	902.14	856.35	857.73	871.06	892.83	927.89	960.65	977.42	1,018.06	1,051.56	1,081.94	1,084.77	1,090.71	1,112.45	1,128.60	1,166.25	1,187.35	1,191.03	1,210.51	1,225.58	1,258.58	1,289.56	1,326.60	1,378.18	1,438.03	1,458.14	1,375.35	1,324.14
Panama	1,226.04	1,277.19	1,301.91	1,405.64	1,456.42	1,539.60	1,513.17	1,587.36	1,579.35	1,733.04	1,760.67	1,825.27	1,776.13	1,774.93	1,916.08	1,815.69	1,774.37	1,851.39	2,011.81	2,085.19	2,173.11	2,517.03	2,201.94	2,346.65	2,648.09	2,831.77	2,868.77	2,735.99	2,453.29	2,990.10	2,557.52	2,957.63	3,122.97	3,189.02	3,043.09	2,827.71	2,810.48	2,987.92	3,470.37	3,416.87	3,345.77	3,384.52	3,550.70	3,788.77	3,879.78	4,143.65	4,267.75	4,206.44	4,341.20	4,415.52	4,636.22	4,813.62	4,914.17	5,199.26	5,492.02	5,550.26	5,843.10	5,922.08	5,957.96	5,995.77
Paraguay	n/a	n/a	1,199.05	1,230.98	1,235.37	1,226.97	1,174.30	1,252.37	1,262.29	1,271.09	1,308.43	1,353.20	1,380.85	1,381.86	1,497.21	1,600.61	1,630.01	1,792.66	1,854.04	1,828.43	2,044.89	2,173.08	2,234.42	2,151.29	2,183.92	2,172.41	2,156.22	2,241.29	2,234.30	2,156.16	2,336.61	2,310.55	2,327.04	2,347.91	2,427.20	2,449.76	2,406.17	2,422.59	2,359.03	2,277.55	2,198.78	2,274.85	2,169.83	2,297.43	2,364.60	2,347.92	2,405.00	2,489.22	2,639.96	2,614.57	2,809.49	2,906.40	2,958.17	3,056.82	3,183.44	3,251.45	3,322.74	3,428.54	3,529.95	3,531.46
Peru	1,777.73	1,802.37	1,966.65	2,083.94	2,152.25	2,238.09	2,391.92	2,487.68	2,388.62	2,404.59	2,393.25	2,434.29	2,422.11	2,533.31	2,694.08	2,712.93	2,666.46	2,544.05	2,278.72	2,208.50	2,305.70	2,417.67	2,302.85	2,122.83	2,130.69	2,118.28	2,381.12	2,591.20	2,323.27	1,902.26	1,852.61	1,883.00	1,832.87	1,878.08	2,017.52	2,168.81	2,179.38	2,217.38	2,135.68	2,071.14	2,092.78	2,087.03	2,164.33	2,196.75	2,250.66	2,312.79	2,435.83	2,624.94	2,835.56	2,899.30	3,137.55	3,336.30	3,554.91	3,724.97	3,841.47	3,945.95	4,033.37	4,071.79	4,150.21	4,204.42
Suriname	n/a	n/a	n/a	n/a	n/a	n/a	n/a	n/a	n/a	n/a	n/a	n/a	n/a	n/a	n/a	n/a	n/a	n/a	n/a	n/a	n/a	n/a	n/a	n/a	n/a	n/a	n/a	n/a	n/a	n/a	n/a	n/a	n/a	n/a	n/a	n/a	n/a	n/a	n/a	n/a	n/a	n/a	n/a	n/a	n/a	n/a	n/a	n/a	n/a	n/a	2,965.59	n/a	n/a	n/a	n/a	n/a	n/a	n/a	n/a	n/a
Uruguay	3,989.75	3,825.42	3,971.92	3,752.23	3,941.58	3,599.44	3,779.85	3,653.78	3,589.46	3,857.72	4,079.75	4,058.47	4,109.78	4,149.50	4,036.71	4,143.01	3,978.13	3,924.32	4,017.69	4,185.99	4,516.05	4,609.28	4,136.39	3,600.14	3,539.03	3,603.67	3,973.95	4,573.43	4,526.90	4,531.66	4,338.79	4,525.30	5,139.14	5,397.17	5,833.62	5,578.94	5,997.36	6,304.40	6,612.06	6,552.13	6,365.95	6,096.49	5,515.58	5,298.38	5,510.41	5,833.98	6,203.71	6,631.06	7,215.83	7,360.77	8,029.80	8,579.71	8,975.91	9,442.82	9,691.51	9,611.75	9,586.53	9,993.00	10,107.30	10,118.50
Venezuela, Republica Bolivariana de	3,480.02	3,389.28	3,373.57	3,356.57	3,563.44	3,702.84	3,707.19	3,704.47	3,813.85	3,886.62	4,067.81	4,007.62	4,141.05	4,288.81	3,641.40	4,766.75	5,359.49	5,839.69	6,150.47	6,018.46	6,394.07	6,513.72	6,549.25	6,241.06	5,971.86	5,833.50	5,853.38	5,933.20	6,077.22	5,575.69	5,599.44	5,906.58	6,254.40	6,124.06	5,726.73	5,660.37	5,301.14	5,335.86	5,328.71	5,138.27	5,278.35	5,491.44	5,008.87	4,710.67	5,345.27	6,083.16	6,914.18	7,963.84	8,347.96	7,989.66	7,727.67	7,913.84	8,332.94	8,603.10	8,241.46	n/a	n/a	n/a	n/a	n/a
Middle East and North Africa
Algeria	773.13	572.76	447.03	772.15	823.47	844.98	663.16	647.59	679.15	711.34	766.50	788.72	901.40	889.87	1,082.09	1,170.72	1,229.66	1,325.12	1,287.10	1,370.09	1,467.12	1,547.84	1,529.28	1,577.06	1,608.88	1,659.30	1,596.81	1,463.24	1,298.34	1,405.20	1,321.34	1,194.23	1,222.70	1,165.62	1,135.28	1,136.91	1,090.31	1,049.69	1,055.74	1,071.62	1,082.53	1,119.03	1,150.41	1,186.36	1,245.09	1,283.04	1,304.88	1,352.79	1,421.79	1,482.53	1,537.33	1,598.75	1,646.97	1,695.03	1,733.98	1,765.13	1,786.36	1,781.70	1,795.19	1,797.78
Egypt, Arab Republic of	883.98	894.23	919.49	952.43	983.75	1,011.56	1,045.41	1,039.90	1,041.63	1,049.12	1,067.79	1,073.85	1,079.52	1,077.83	1,039.97	1,013.98	1,124.79	1,126.41	1,088.41	1,004.03	1,090.02	1,056.19	1,055.27	1,114.54	1,155.36	1,180.60	1,196.07	1,210.69	1,235.91	1,259.42	1,284.23	1,305.69	1,320.04	1,332.14	1,360.70	1,378.07	1,404.48	1,434.44	1,461.85	1,497.90	1,542.74	1,573.96	1,575.53	1,582.48	1,586.36	1,633.21	1,707.79	1,794.54	1,863.93	1,933.15	1,973.18	2,038.80	2,123.38	2,145.03	2,189.29	2,207.45	2,261.07	2,307.05	2,282.80	2,258.20
Iran, Islamic Republic of	835.51	802.10	784.51	779.66	768.66	722.28	735.69	781.99	842.01	808.05	849.85	912.89	1,019.79	1,048.13	1,154.56	1,370.18	1,747.82	1,688.32	1,750.03	1,724.31	1,717.73	1,576.33	1,558.05	1,603.76	1,761.25	1,782.50	1,742.60	1,506.91	1,364.48	1,331.09	1,298.00	1,538.62	1,645.11	1,693.15	1,721.26	1,622.54	1,503.19	1,542.18	1,649.39	1,676.37	1,656.92	1,809.79	1,896.63	2,081.03	2,087.20	2,404.29	2,557.00	2,851.53	2,719.70	2,745.37	2,832.71	2,922.61	2,824.19	2,737.29	2,757.88	2,626.42	2,689.59	2,718.75	2,610.56	2,377.04
Jordan	n/a	n/a	n/a	n/a	n/a	n/a	n/a	n/a	n/a	n/a	n/a	n/a	n/a	n/a	n/a	n/a	1,817.04	2,101.16	2,447.50	2,927.44	3,051.16	3,019.08	3,239.05	3,193.19	3,362.97	3,416.37	3,087.08	3,147.90	2,894.66	2,652.40	2,295.32	1,884.73	2,281.39	2,135.23	2,075.03	1,992.49	2,091.72	2,156.81	2,264.57	2,281.38	2,560.36	2,643.48	2,567.41	2,535.63	2,730.32	3,026.22	3,072.77	3,227.89	3,336.86	3,086.48	2,690.66	2,737.07	2,851.80	2,948.43	2,794.57	2,803.04	2,722.23	2,833.87	2,800.69	2,771.34
Lebanon	n/a	n/a	n/a	n/a	n/a	n/a	n/a	n/a	n/a	n/a	n/a	n/a	n/a	n/a	n/a	n/a	n/a	n/a	n/a	n/a	n/a	n/a	n/a	n/a	n/a	n/a	n/a	n/a	n/a	n/a	2,590.62	3,427.65	5,043.33	5,538.38	5,369.07	5,422.30	5,454.52	5,192.38	5,240.76	5,216.56	5,158.81	5,230.47	5,116.13	5,046.42	5,124.50	4,823.46	4,914.03	5,263.34	5,766.85	6,453.21	6,821.97	6,298.21	6,487.80	6,262.56	6,173.66	6,046.76	5,918.60	5,837.20	5,728.86	5,396.97
Morocco	450.51	444.72	477.54	479.14	452.47	448.82	455.01	479.55	529.98	526.68	514.09	523.25	534.64	543.40	559.71	609.41	635.88	670.11	701.30	728.50	693.10	695.31	724.82	768.32	783.43	795.32	870.57	870.61	933.72	961.45	971.48	1,090.41	1,068.14	1,034.24	1,147.43	1,085.02	1,214.42	1,147.84	1,198.45	1,203.65	1,210.90	1,210.73	1,238.25	1,297.24	1,339.20	1,367.56	1,439.40	1,487.68	1,580.88	1,624.34	1,668.72	1,736.95	1,784.02	1,814.79	1,845.52	1,862.08	1,905.16	1,952.20	1,991.08	2,031.38
Oman	n/a	n/a	n/a	n/a	n/a	n/a	n/a	n/a	n/a	n/a	n/a	n/a	n/a	n/a	n/a	n/a	n/a	n/a	n/a	n/a	n/a	n/a	n/a	n/a	n/a	n/a	n/a	n/a	n/a	n/a	n/a	n/a	n/a	n/a	n/a	n/a	n/a	n/a	4,053.57	4,020.85	4,047.74	4,221.70	4,175.21	4,650.58	4,817.96	4,822.52	4,925.04	5,706.18	5,821.69	6,261.44	6,272.63	6,326.67	6,482.30	6,206.69	6,034.96	5,904.17	5,928.44	6,186.61	6,035.81	5,975.94
Tunisia	n/a	n/a	n/a	n/a	n/a	508.88	494.41	476.74	474.24	511.15	576.09	600.73	670.47	751.76	761.76	862.96	875.71	935.52	965.58	999.96	1,099.01	1,145.37	1,140.73	1,155.76	1,188.22	1,181.39	1,171.54	1,160.80	1,152.54	1,109.61	1,182.51	1,171.18	1,224.37	1,238.60	1,252.18	1,267.70	1,302.99	1,343.13	1,395.29	1,460.19	1,508.56	1,584.95	1,627.61	1,689.73	1,763.58	1,832.99	1,935.09	2,112.05	2,256.53	2,438.21	2,590.43	2,807.95	2,996.30	3,212.41	n/a	n/a	n/a	n/a	n/a	n/a
West Bank and Gaza	n/a	n/a	n/a	n/a	n/a	n/a	n/a	n/a	n/a	n/a	n/a	n/a	n/a	n/a	n/a	n/a	n/a	n/a	n/a	n/a	n/a	n/a	n/a	n/a	n/a	n/a	n/a	n/a	n/a	n/a	n/a	n/a	n/a	n/a	1,971.48	2,030.28	1,903.59	2,052.96	2,207.15	2,289.05	2,050.97	1,902.70	1,685.78	1,888.89	2,188.29	2,388.97	2,230.23	2,285.13	2,322.13	2,394.46	2,383.60	2,533.94	2,710.96	2,601.61	2,583.66	2,614.37	2,809.01	2,723.52	2,685.04	2,727.52
Other high Income
Antigua and Barbuda	n/a	n/a	n/a	n/a	n/a	n/a	n/a	n/a	n/a	n/a	n/a	n/a	n/a	n/a	n/a	n/a	n/a	n/a	n/a	n/a	n/a	n/a	n/a	n/a	n/a	n/a	n/a	n/a	n/a	n/a	n/a	n/a	n/a	n/a	n/a	n/a	n/a	n/a	n/a	n/a	n/a	n/a	n/a	n/a	n/a	n/a	n/a	n/a	n/a	n/a	8,854.08	n/a	n/a	n/a	n/a	n/a	n/a	n/a	n/a	n/a
Aruba	n/a	n/a	n/a	n/a	n/a	n/a	n/a	n/a	n/a	n/a	n/a	n/a	n/a	n/a	n/a	n/a	n/a	n/a	n/a	n/a	n/a	n/a	n/a	n/a	n/a	n/a	n/a	n/a	n/a	n/a	n/a	n/a	n/a	n/a	n/a	n/a	n/a	n/a	n/a	n/a	n/a	n/a	n/a	n/a	n/a	n/a	n/a	n/a	n/a	n/a	14,215.30	n/a	n/a	n/a	n/a	n/a	n/a	n/a	n/a	n/a
Australia	10,331.80	10,352.60	10,356.30	10,713.80	11,245.30	11,578.70	11,649.70	12,092.10	12,470.20	12,862.00	13,381.50	13,438.70	13,669.80	14,091.00	14,601.40	15,126.10	15,088.30	15,714.10	15,839.80	15,902.00	15,989.90	16,247.90	16,871.00	17,062.90	17,047.70	16,965.80	17,552.70	17,637.10	17,902.00	18,417.20	18,928.40	18,869.40	19,076.90	19,244.20	19,450.70	20,067.50	20,479.80	20,853.80	21,659.00	22,640.20	23,324.40	23,743.90	24,182.40	24,848.80	25,800.10	26,619.10	27,080.80	28,376.50	29,180.90	28,748.60	29,225.70	29,971.10	30,328.00	30,337.90	30,617.60	30,888.30	31,242.40	31,416.00	31,814.90	31,887.90
Austria	n/a	n/a	n/a	n/a	n/a	n/a	n/a	n/a	n/a	n/a	10,568.80	11,228.70	11,842.40	12,409.60	12,759.10	13,208.50	13,833.10	14,716.90	14,477.60	15,190.70	15,573.50	15,732.00	16,023.00	16,921.10	16,562.10	16,854.10	17,212.80	17,617.80	18,016.50	18,579.00	19,218.80	19,597.80	20,057.70	19,914.00	20,242.80	20,384.10	20,954.90	21,019.10	21,606.00	22,085.40	22,718.90	22,922.00	22,965.10	23,251.80	23,644.30	24,011.80	24,393.20	24,582.60	24,737.70	24,882.90	25,069.90	25,321.70	25,338.00	25,169.20	25,049.10	24,890.80	25,003.60	25,306.80	25,458.00	25,568.30
Bahamas, The	n/a	n/a	n/a	n/a	n/a	n/a	n/a	n/a	n/a	n/a	n/a	n/a	n/a	n/a	n/a	n/a	n/a	n/a	n/a	n/a	n/a	n/a	n/a	n/a	n/a	n/a	n/a	n/a	n/a	19,037.50	18,322.00	17,207.90	16,040.10	15,693.30	15,759.60	16,649.80	17,484.90	19,489.90	19,261.30	20,564.40	20,757.50	20,596.10	20,983.20	20,435.20	19,748.00	20,949.50	21,163.60	21,016.60	19,911.20	17,633.70	17,544.60	16,963.60	17,418.70	16,898.20	17,532.00	17,365.70	17,291.00	18,469.70	18,633.70	17,792.00
Bahrain	n/a	n/a	n/a	n/a	n/a	n/a	n/a	n/a	n/a	n/a	n/a	n/a	n/a	n/a	n/a	n/a	n/a	n/a	n/a	n/a	n/a	n/a	n/a	n/a	n/a	n/a	n/a	n/a	n/a	n/a	n/a	n/a	n/a	n/a	n/a	n/a	n/a	n/a	n/a	n/a	8,131.58	8,324.37	7,953.30	7,755.00	7,382.96	7,079.18	6,645.18	6,444.45	7,497.50	7,824.53	8,534.15	8,833.49	8,783.59	9,541.80	9,327.56	9,317.51	8,945.69	8,648.48	8,077.07	7,832.04
Belgium	n/a	n/a	n/a	n/a	n/a	n/a	n/a	n/a	n/a	n/a	10,494.30	10,990.50	11,595.50	12,501.20	12,811.40	12,883.70	13,514.60	13,853.10	14,185.60	14,900.20	14,762.80	14,824.90	15,190.50	15,168.90	15,225.10	15,632.80	16,052.10	16,316.80	16,804.70	17,297.60	17,793.50	18,263.00	18,536.10	18,381.00	18,763.30	19,019.20	19,354.20	19,603.60	20,174.90	20,555.30	21,083.30	21,208.80	21,244.40	21,307.80	21,442.10	21,632.70	21,872.30	22,166.40	22,294.90	22,244.90	22,705.70	22,606.20	22,796.10	23,067.40	23,092.10	23,322.70	23,569.30	23,921.40	24,258.50	24,489.60
Bermuda	n/a	n/a	n/a	n/a	n/a	n/a	n/a	n/a	n/a	n/a	n/a	n/a	n/a	n/a	n/a	n/a	n/a	n/a	n/a	n/a	n/a	n/a	n/a	n/a	n/a	n/a	n/a	n/a	n/a	n/a	n/a	n/a	n/a	n/a	n/a	n/a	n/a	n/a	n/a	n/a	n/a	n/a	n/a	n/a	n/a	n/a	n/a	n/a	n/a	n/a	48,712.40	n/a	n/a	n/a	n/a	n/a	n/a	n/a	n/a	n/a
Brunei Darussalam	n/a	n/a	n/a	n/a	n/a	n/a	n/a	n/a	n/a	n/a	n/a	n/a	n/a	n/a	n/a	n/a	n/a	n/a	n/a	n/a	n/a	n/a	n/a	n/a	n/a	n/a	n/a	n/a	n/a	3,859.84	3,932.26	3,757.41	4,469.09	5,093.57	4,571.08	4,241.66	4,607.62	5,081.22	4,479.90	4,257.99	3,877.72	3,959.47	3,909.93	4,444.64	4,904.40	4,800.80	4,910.62	4,946.14	4,973.94	5,161.05	5,189.47	5,400.21	5,790.04	6,056.87	5,756.02	5,981.96	5,834.35	6,042.67	6,109.64	6,407.73
Canada	n/a	n/a	n/a	n/a	n/a	n/a	n/a	n/a	n/a	n/a	12,512.80	12,850.50	13,573.40	14,311.10	14,817.90	15,160.90	15,730.00	15,979.10	16,292.80	16,501.60	16,568.30	16,561.10	15,945.50	16,182.80	16,646.10	17,303.00	17,718.10	18,163.80	18,669.20	18,962.70	18,935.10	18,492.90	18,557.20	18,695.50	19,026.40	19,253.10	19,618.70	20,374.30	20,759.00	21,401.30	22,064.70	22,351.10	22,993.40	23,412.40	23,905.00	24,610.30	25,385.60	26,249.70	26,743.70	26,462.50	27,108.30	27,455.70	27,674.20	28,102.90	28,539.00	28,984.30	29,260.90	29,944.10	30,160.30	30,221.40
Cyprus	n/a	n/a	n/a	n/a	n/a	n/a	n/a	n/a	n/a	n/a	n/a	n/a	n/a	n/a	n/a	3,630.99	4,265.86	5,043.78	5,581.87	5,866.93	6,132.66	6,134.70	6,759.15	7,190.89	7,418.13	7,761.81	7,806.35	8,142.45	8,903.03	9,382.92	10,007.40	10,718.70	10,768.90	10,024.30	10,490.00	13,295.70	13,571.10	13,713.00	14,522.50	14,960.80	15,990.00	16,695.50	17,014.20	17,541.50	18,553.40	19,003.20	19,420.60	20,864.70	22,018.60	20,036.60	20,412.40	19,722.80	18,889.30	17,607.10	17,843.10	18,453.00	19,181.30	19,850.10	20,254.40	20,578.90
Denmark	n/a	n/a	n/a	n/a	n/a	n/a	13,818.60	14,632.70	15,066.20	15,839.30	16,110.80	16,133.40	16,049.60	17,160.00	16,693.00	17,168.00	18,430.80	18,738.00	19,002.90	19,151.90	18,700.60	18,471.00	18,744.80	19,116.50	19,799.20	20,679.60	22,124.40	21,675.80	21,268.20	21,323.10	21,458.90	21,750.60	22,235.00	21,970.20	23,354.10	23,622.70	24,066.10	24,672.30	25,161.10	25,048.00	25,060.90	25,028.30	25,309.20	25,577.30	26,696.80	27,608.00	28,328.50	28,702.10	28,673.90	27,542.00	27,634.80	27,597.20	27,634.40	27,596.30	27,707.00	28,139.40	28,597.00	29,063.80	29,712.20	29,997.80
Faroe Islands	n/a	n/a	n/a	n/a	n/a	n/a	n/a	n/a	n/a	n/a	n/a	n/a	n/a	n/a	n/a	n/a	n/a	n/a	n/a	n/a	n/a	n/a	n/a	n/a	n/a	n/a	n/a	n/a	n/a	n/a	n/a	n/a	n/a	n/a	n/a	n/a	n/a	n/a	n/a	n/a	n/a	n/a	n/a	n/a	n/a	n/a	n/a	n/a	n/a	n/a	25,052.60	n/a	n/a	n/a	n/a	n/a	n/a	n/a	n/a	n/a
Finland	n/a	n/a	n/a	n/a	n/a	n/a	n/a	n/a	n/a	n/a	9,787.03	9,944.50	10,709.10	11,276.70	11,414.00	11,714.80	11,899.80	11,797.00	12,037.30	12,705.50	12,984.80	13,118.90	13,715.80	14,058.00	14,444.30	14,970.80	15,537.90	16,221.40	17,073.00	17,806.20	17,675.40	17,047.50	16,242.50	15,733.40	16,073.20	16,800.80	17,376.80	17,931.30	18,746.60	19,328.70	19,694.00	20,176.30	20,630.60	21,430.80	22,170.20	22,795.90	23,598.80	24,321.50	24,685.00	23,849.50	24,452.00	25,043.40	25,020.40	24,775.40	24,822.70	25,138.70	25,675.40	25,874.60	26,296.60	26,495.10
France	7,028.27	7,327.64	7,749.54	8,178.72	8,510.62	8,733.81	9,046.18	9,399.29	9,720.16	10,266.60	10,655.00	11,161.50	11,632.20	12,191.50	12,438.00	12,601.10	13,217.40	13,493.70	13,960.30	14,374.50	14,481.20	14,695.80	15,096.20	15,138.50	15,152.00	15,348.20	15,820.10	16,245.40	16,690.40	17,128.40	17,484.60	17,501.60	17,610.60	17,524.20	17,751.60	17,992.20	18,280.00	18,313.50	18,973.40	19,529.80	20,107.60	20,464.60	20,739.30	20,898.70	21,150.20	21,498.90	21,807.10	22,244.20	22,235.80	22,189.10	22,495.60	22,525.40	22,321.80	22,320.30	22,396.90	22,647.50	22,989.80	23,280.80	23,455.20	23,775.40
Germany	n/a	n/a	n/a	n/a	n/a	n/a	n/a	n/a	n/a	n/a	11,190.70	11,782.60	12,357.90	12,672.80	12,644.90	13,165.40	13,788.90	14,407.80	14,937.60	15,418.10	15,618.40	15,536.50	15,394.90	15,652.40	16,013.30	16,346.40	16,963.40	17,540.80	17,936.80	18,339.10	18,949.00	19,632.10	20,054.00	19,937.40	20,148.40	20,400.30	20,666.10	20,789.50	21,086.20	21,620.80	21,946.80	22,172.20	21,829.40	21,909.40	22,054.80	22,234.70	22,558.40	22,535.10	22,653.50	22,691.50	22,887.70	23,747.00	24,058.10	24,079.40	24,231.20	24,487.60	24,883.40	25,168.10	25,476.20	25,803.60
Greece	3,791.73	4,026.04	4,162.15	4,378.59	4,808.33	5,122.08	5,439.71	5,777.19	6,189.49	6,555.95	7,126.96	7,479.98	7,877.91	8,320.43	8,206.65	8,737.44	9,093.79	9,766.65	10,403.50	10,863.80	10,806.60	10,636.90	10,929.80	11,094.30	11,081.30	11,094.80	10,894.40	11,147.40	11,779.60	12,454.90	12,646.60	12,856.80	13,048.90	12,873.10	13,058.00	13,325.00	13,621.30	14,159.00	14,723.70	15,180.30	15,499.80	15,978.20	16,729.30	17,446.00	18,030.60	18,557.50	19,016.60	19,741.40	20,394.70	20,001.40	18,673.50	16,878.20	15,608.20	15,317.90	15,516.40	15,590.20	15,651.70	15,816.90	16,023.30	16,176.20
Greenland	n/a	n/a	n/a	n/a	n/a	n/a	n/a	n/a	n/a	n/a	n/a	n/a	n/a	n/a	n/a	n/a	n/a	n/a	n/a	n/a	n/a	n/a	n/a	n/a	n/a	n/a	n/a	n/a	n/a	n/a	n/a	n/a	n/a	n/a	n/a	n/a	n/a	n/a	n/a	n/a	n/a	n/a	n/a	15,645.00	17,085.20	18,180.40	18,737.10	19,034.70	19,129.40	19,269.10	18,999.20	19,078.90	18,928.00	18,828.90	19,025.70	19,121.90	19,381.30	19,639.30	19,906.40	n/a
Guam	n/a	n/a	n/a	n/a	n/a	n/a	n/a	n/a	n/a	n/a	n/a	n/a	n/a	n/a	n/a	n/a	n/a	n/a	n/a	n/a	n/a	n/a	n/a	n/a	n/a	n/a	n/a	n/a	n/a	n/a	n/a	n/a	n/a	n/a	n/a	n/a	n/a	n/a	n/a	n/a	n/a	n/a	17,677.90	16,365.80	17,100.70	17,835.10	17,245.90	17,364.50	17,783.10	17,882.60	17,661.40	17,893.80	18,505.10	18,483.00	18,538.80	18,586.80	18,759.70	19,002.10	18,825.60	n/a
Hong Kong SAR, China	n/a	1,929.96	2,048.18	2,172.57	2,309.20	2,542.51	2,826.71	2,794.99	3,010.48	3,218.20	3,471.46	3,834.56	4,047.31	4,453.38	4,237.11	4,311.87	4,578.99	5,267.95	6,056.91	6,276.75	6,855.26	7,205.31	7,465.55	7,920.89	8,302.49	8,571.15	9,191.04	10,067.80	10,919.00	11,220.10	11,884.40	12,877.50	13,865.80	14,699.10	15,305.70	15,250.10	15,131.40	15,837.20	14,842.30	14,854.90	15,389.50	15,490.40	15,260.60	15,052.60	16,000.20	16,495.00	17,388.40	18,730.40	18,972.40	18,965.50	19,977.70	21,509.30	22,145.90	23,076.10	23,679.80	24,597.10	24,933.10	26,105.90	27,268.30	26,768.70
Iceland	n/a	n/a	n/a	n/a	n/a	n/a	n/a	n/a	n/a	n/a	n/a	n/a	n/a	n/a	n/a	n/a	n/a	n/a	n/a	n/a	n/a	n/a	n/a	n/a	n/a	n/a	n/a	n/a	n/a	n/a	18,131.70	18,461.80	17,641.30	16,652.50	16,983.20	17,256.50	18,028.70	19,000.70	20,957.20	22,212.60	22,789.60	21,869.00	21,533.00	22,663.60	24,070.80	26,403.50	26,780.70	27,840.60	25,502.50	22,222.10	22,172.70	22,661.00	22,975.90	22,954.80	23,427.70	24,238.50	25,619.40	27,041.60	27,577.20	27,346.80
Ireland	n/a	n/a	n/a	n/a	n/a	n/a	n/a	n/a	n/a	n/a	8,464.20	8,636.61	8,947.29	9,436.98	9,434.36	9,356.90	9,477.59	9,983.06	10,739.20	11,066.90	10,987.20	11,043.80	10,167.70	10,181.90	10,322.40	10,779.00	10,991.00	11,355.20	11,915.40	12,742.50	12,911.70	13,069.40	13,355.20	13,674.80	14,215.40	14,630.20	15,545.40	16,382.20	17,475.60	18,908.00	20,628.00	21,242.70	21,664.70	21,928.10	22,312.90	23,373.00	24,273.80	25,142.20	24,699.70	23,202.90	23,180.10	22,704.60	22,409.50	22,361.80	22,757.00	23,237.80	24,212.60	24,683.30	25,207.30	25,522.40
Israel	n/a	n/a	n/a	n/a	n/a	n/a	n/a	n/a	n/a	n/a	5,543.06	5,660.48	6,072.21	6,321.24	6,603.70	6,453.73	6,621.33	6,802.94	7,227.38	7,607.63	7,154.29	7,927.42	8,416.86	8,985.72	8,260.97	8,220.81	9,315.99	9,982.84	10,278.30	10,161.00	10,439.30	10,542.30	10,956.20	11,437.60	12,210.60	12,892.50	13,311.00	13,507.90	13,975.90	14,204.70	14,999.50	15,222.90	15,143.40	14,894.90	15,408.50	15,652.10	16,145.80	17,089.80	17,082.20	16,871.30	17,359.80	17,708.70	17,891.50	18,198.20	18,591.10	18,974.00	19,801.50	20,066.20	20,401.70	20,768.30
Italy	n/a	n/a	n/a	n/a	n/a	n/a	n/a	n/a	n/a	n/a	10,205.90	10,542.10	10,829.40	11,379.50	11,660.90	11,627.40	12,088.10	12,395.80	12,675.70	13,493.40	14,272.40	14,484.60	14,615.30	14,583.80	15,010.90	15,436.80	16,063.30	16,646.40	17,318.60	17,992.60	18,345.10	18,823.40	19,135.20	18,542.10	18,822.20	19,109.30	19,304.40	19,967.20	20,633.30	21,197.40	21,751.40	21,879.20	21,837.40	21,887.30	21,957.40	22,152.80	22,382.90	22,534.60	22,132.30	21,700.80	21,861.40	21,838.00	20,970.20	20,221.80	20,072.10	20,459.60	20,750.00	21,100.80	21,339.40	21,479.50
Japan	n/a	n/a	n/a	n/a	n/a	n/a	n/a	n/a	n/a	n/a	10,533.20	10,968.30	11,785.50	12,716.30	12,465.00	12,806.40	13,081.50	13,479.60	14,059.60	14,846.40	14,887.70	15,144.80	15,742.30	16,163.60	16,565.10	17,140.40	17,663.50	18,346.50	19,209.80	20,073.80	20,963.70	21,362.80	21,794.20	21,975.40	22,404.30	22,876.00	23,294.20	23,399.80	23,199.30	23,425.60	23,755.00	24,147.70	24,376.40	24,484.50	24,797.10	25,101.10	25,344.70	25,552.50	25,280.70	25,105.30	25,703.40	25,651.50	26,213.80	26,873.40	26,678.50	26,643.90	26,604.80	26,998.80	27,050.00	n/a
Korea, Republic of	951.41	945.06	1,007.92	1,022.73	1,081.46	1,126.85	1,171.20	1,244.29	1,343.98	1,454.35	1,572.89	1,690.07	1,751.82	1,877.26	1,983.73	2,062.20	2,200.22	2,286.48	2,444.12	2,617.55	2,576.98	2,674.56	2,832.09	3,048.93	3,243.57	3,446.41	3,730.99	4,011.83	4,345.45	4,768.10	5,196.01	5,610.85	5,939.93	6,288.41	6,798.47	7,452.21	7,953.14	8,211.54	7,180.51	7,988.59	8,660.43	9,092.10	9,851.22	9,763.20	9,763.42	10,196.40	10,642.20	11,148.00	11,243.30	11,210.00	11,644.10	11,895.50	12,028.80	12,182.10	12,347.20	12,553.70	12,828.20	13,147.20	13,501.00	13,698.70
Kuwait	n/a	n/a	n/a	n/a	n/a	n/a	n/a	n/a	n/a	n/a	n/a	n/a	n/a	n/a	n/a	n/a	n/a	n/a	n/a	n/a	n/a	n/a	n/a	n/a	n/a	n/a	n/a	n/a	n/a	n/a	n/a	n/a	n/a	n/a	n/a	n/a	n/a	n/a	n/a	n/a	n/a	n/a	n/a	n/a	n/a	n/a	n/a	n/a	n/a	n/a	11,145.80	10,824.10	11,092.20	11,053.00	11,079.50	11,028.20	10,812.50	10,921.30	11,284.80	n/a
Luxembourg	n/a	n/a	n/a	n/a	n/a	n/a	n/a	n/a	n/a	n/a	14,730.30	15,410.40	15,962.10	16,695.40	17,220.60	17,931.90	18,403.50	18,791.50	19,311.10	19,946.40	20,434.40	20,728.60	20,793.20	20,890.10	21,170.30	21,699.70	22,308.10	23,179.60	24,386.80	25,318.00	25,947.60	27,400.70	26,409.20	26,592.30	27,293.40	29,060.00	29,241.70	29,639.50	29,930.00	31,296.80	32,191.50	33,024.90	34,132.70	34,493.10	34,309.10	33,760.50	34,145.20	34,393.50	34,238.70	34,005.90	33,793.00	33,543.40	33,702.80	33,594.10	34,145.50	33,946.90	34,358.10	34,257.90	34,721.40	35,007.80
Macao SAR, China	n/a	n/a	n/a	n/a	n/a	n/a	n/a	n/a	n/a	n/a	n/a	n/a	n/a	n/a	n/a	n/a	n/a	n/a	n/a	n/a	n/a	n/a	6,395.69	6,530.58	6,553.68	6,673.91	6,969.33	7,262.13	7,635.04	7,679.42	7,847.23	8,175.88	8,682.11	9,045.36	9,405.08	9,476.34	9,659.32	9,602.25	9,314.29	9,343.96	9,050.61	9,005.70	9,309.12	9,382.11	9,879.80	10,226.50	10,720.90	11,564.50	11,952.30	11,861.10	12,216.10	13,292.40	13,964.00	14,556.90	15,079.10	15,094.70	14,708.50	14,802.20	15,207.10	15,432.60
Malta	n/a	n/a	n/a	n/a	n/a	n/a	n/a	n/a	n/a	n/a	n/a	n/a	n/a	n/a	n/a	n/a	n/a	n/a	n/a	n/a	n/a	n/a	n/a	n/a	n/a	n/a	n/a	n/a	n/a	n/a	n/a	n/a	n/a	n/a	n/a	n/a	n/a	n/a	n/a	n/a	n/a	n/a	n/a	n/a	n/a	n/a	n/a	n/a	n/a	n/a	12,775.00	n/a	n/a	n/a	n/a	n/a	n/a	n/a	n/a	n/a
Netherlands	n/a	n/a	n/a	n/a	n/a	n/a	n/a	n/a	n/a	12,294.80	13,026.70	13,278.80	13,486.90	13,993.10	14,327.50	14,627.20	15,314.40	15,851.40	16,480.30	16,575.80	16,431.50	15,929.90	15,627.70	15,764.60	15,797.10	15,942.10	16,229.30	16,461.50	16,609.20	17,030.80	17,597.20	17,931.80	17,924.10	17,944.00	18,184.10	18,576.60	19,402.10	20,108.50	21,107.40	22,216.40	22,866.20	23,158.30	23,278.80	23,139.00	23,234.00	23,390.70	23,316.70	23,702.20	23,820.30	23,251.30	23,156.70	23,064.90	22,717.50	22,432.30	22,435.50	22,777.80	22,910.60	23,260.90	23,626.00	23,836.30
New Zealand	n/a	n/a	n/a	n/a	n/a	n/a	n/a	n/a	n/a	n/a	11,969.50	11,844.60	12,458.40	13,249.80	13,496.90	13,139.10	12,597.50	12,150.40	12,363.60	12,353.60	12,308.50	12,512.10	12,217.60	12,424.10	12,794.20	12,889.30	13,423.40	13,686.10	14,048.00	14,122.10	14,049.40	13,066.60	12,972.10	13,318.00	13,981.10	14,351.10	14,834.80	15,039.40	15,324.00	15,706.40	15,830.20	16,157.60	16,670.90	17,360.70	18,020.80	18,640.60	18,972.00	19,520.10	19,215.30	19,290.80	19,525.80	20,012.20	20,357.90	20,955.20	21,259.70	21,669.00	22,530.30	23,028.60	23,520.30	n/a
Norway	n/a	n/a	n/a	n/a	n/a	n/a	n/a	n/a	n/a	n/a	13,936.70	14,603.50	14,886.90	15,310.40	15,668.60	16,406.80	17,302.40	18,310.30	17,950.40	18,640.80	18,965.60	18,957.60	19,099.90	19,413.80	19,977.00	21,754.60	22,771.70	22,525.50	21,931.60	21,707.80	21,783.00	22,131.30	22,524.20	22,898.90	23,541.80	24,265.90	25,669.90	26,327.80	26,911.80	27,726.30	28,698.60	29,142.50	29,894.80	30,668.50	32,148.80	33,336.40	34,709.50	36,175.80	36,326.50	35,881.50	36,787.70	37,172.60	37,969.40	38,567.60	38,925.00	39,584.00	39,677.60	40,239.50	40,750.30	41,069.50
Portugal	n/a	n/a	n/a	n/a	n/a	n/a	n/a	n/a	n/a	n/a	5,872.39	6,645.17	6,923.46	7,753.45	8,390.71	8,006.33	8,054.18	8,016.92	7,769.24	7,695.16	7,918.85	8,067.05	8,201.99	8,063.16	7,791.27	7,819.77	8,253.09	8,691.71	9,294.67	9,582.20	10,221.40	10,678.30	11,192.80	11,302.30	11,387.50	11,415.80	11,773.00	12,119.20	12,635.00	13,225.30	13,616.90	13,641.60	13,741.10	13,645.90	13,961.40	14,155.20	14,344.00	14,675.10	14,855.00	14,497.70	14,832.40	14,310.60	13,604.50	13,536.80	13,934.00	14,277.00	14,688.70	15,033.90	15,451.80	15,852.40
Puerto Rico	n/a	n/a	n/a	n/a	4,038.49	4,286.32	4,624.65	4,633.36	4,882.24	5,244.21	5,870.11	5,818.07	6,670.96	6,942.04	6,655.47	6,434.28	12,720.30	7,160.43	7,474.71	7,685.79	7,611.43	7,293.24	7,202.71	7,336.82	7,603.83	7,869.21	8,119.84	8,506.20	8,763.76	8,777.51	8,882.10	8,716.67	8,984.52	9,354.33	9,732.16	8,502.12	10,643.70	11,155.50	11,581.80	12,146.40	12,481.90	12,578.90	12,884.40	13,355.40	14,487.60	14,903.20	15,119.10	15,413.10	15,322.80	14,964.60	15,258.20	15,670.50	16,244.10	16,708.80	16,454.40	16,307.70	16,154.20	16,414.10	17,245.60	18,215.50
Qatar	n/a	n/a	n/a	n/a	n/a	n/a	n/a	n/a	n/a	n/a	n/a	n/a	n/a	n/a	n/a	n/a	n/a	n/a	n/a	n/a	n/a	n/a	n/a	n/a	n/a	n/a	n/a	n/a	n/a	n/a	n/a	n/a	n/a	n/a	n/a	n/a	n/a	n/a	n/a	n/a	n/a	n/a	n/a	n/a	n/a	n/a	n/a	n/a	n/a	n/a	10,899.20	n/a	n/a	n/a	n/a	n/a	n/a	n/a	n/a	n/a
Saudi Arabia	n/a	n/a	n/a	n/a	n/a	n/a	n/a	n/a	n/a	n/a	n/a	n/a	n/a	n/a	n/a	n/a	n/a	n/a	n/a	n/a	n/a	n/a	n/a	n/a	n/a	n/a	n/a	n/a	n/a	n/a	n/a	n/a	n/a	n/a	n/a	n/a	n/a	n/a	n/a	n/a	4,064.81	4,020.87	3,998.24	4,057.35	4,205.62	4,495.79	4,850.86	5,335.85	5,822.59	6,165.06	6,218.17	6,135.95	6,643.44	6,652.30	6,862.87	7,141.97	7,046.50	7,129.78	7,135.79	7,330.49
Singapore	2,823.22	2,991.41	3,022.50	3,085.02	2,860.03	2,900.63	3,030.34	3,232.48	3,496.41	3,731.15	4,136.71	4,542.15	4,866.32	5,164.18	5,429.37	5,522.93	5,736.16	5,952.71	6,267.24	6,599.37	6,884.49	6,879.65	6,849.20	7,145.42	7,421.48	7,405.63	7,704.04	8,364.77	9,086.60	9,555.78	9,870.90	10,181.90	10,462.90	11,400.80	11,855.10	11,944.50	12,223.30	12,498.40	11,847.70	12,888.30	14,387.80	15,134.60	15,514.30	15,946.70	16,575.90	16,854.00	17,051.10	17,501.00	17,303.60	16,743.30	17,164.90	17,476.50	17,687.90	17,893.80	18,299.70	19,015.30	19,371.20	19,944.30	20,685.30	21,214.00
Spain	n/a	n/a	n/a	n/a	n/a	n/a	n/a	n/a	n/a	n/a	8,341.26	8,661.69	9,277.60	9,891.34	10,282.80	10,355.30	10,820.30	10,870.10	10,862.90	10,907.50	11,043.80	10,856.00	10,795.40	10,784.70	10,718.60	10,923.70	11,261.70	11,901.10	12,456.80	13,112.20	13,558.70	13,914.60	14,147.60	13,806.70	13,890.10	14,065.90	14,350.80	14,695.00	15,279.50	15,947.80	16,581.00	17,104.50	17,383.50	17,475.80	17,873.80	18,300.70	18,711.00	18,991.30	18,559.50	17,735.00	17,718.70	17,221.20	16,638.90	16,211.50	16,534.70	17,035.30	17,479.40	17,965.80	18,203.80	18,262.50
Sweden	10,326.90	10,823.20	11,118.80	11,542.80	11,915.20	12,299.20	12,414.20	12,602.70	13,045.90	13,524.50	14,054.90	13,972.50	14,404.90	14,754.00	15,211.40	15,575.30	16,170.60	15,952.10	15,794.40	16,138.20	15,976.60	16,177.40	16,315.00	15,942.70	16,214.30	16,612.50	17,367.30	18,176.10	18,609.40	18,685.70	18,419.20	18,335.10	17,947.00	17,326.60	17,513.00	17,585.60	17,876.50	18,412.90	19,017.40	19,775.50	20,814.30	20,933.80	21,338.10	21,607.70	22,142.10	22,748.80	23,298.30	24,048.40	23,961.70	24,005.10	24,793.60	25,096.90	25,094.10	25,328.60	25,800.50	26,531.20	26,802.70	27,133.30	27,316.00	27,365.00
Switzerland	n/a	n/a	n/a	n/a	n/a	n/a	n/a	n/a	n/a	n/a	26,689.30	27,813.60	29,103.20	29,686.70	29,383.70	28,537.30	29,006.90	29,987.30	30,650.30	30,978.50	31,666.40	31,796.90	31,691.40	31,952.90	32,354.00	32,899.50	33,645.60	34,435.80	34,913.30	35,507.60	35,699.10	35,897.50	35,670.40	35,215.70	35,362.10	35,436.60	35,696.90	36,177.40	36,846.50	37,418.60	37,876.70	38,417.30	38,297.50	38,178.60	38,567.80	38,932.20	39,235.40	39,812.60	39,884.30	39,904.40	40,179.20	40,030.90	40,534.20	41,121.30	41,139.50	41,384.10	41,516.80	41,636.30	41,728.00	41,852.60
United Arab Emirates	n/a	n/a	n/a	n/a	n/a	n/a	n/a	n/a	n/a	n/a	n/a	n/a	n/a	n/a	n/a	n/a	n/a	n/a	n/a	n/a	n/a	n/a	n/a	n/a	n/a	n/a	n/a	n/a	n/a	n/a	n/a	n/a	n/a	n/a	n/a	n/a	n/a	n/a	n/a	n/a	n/a	39,429.80	39,756.90	38,003.20	38,632.20	35,170.80	35,088.20	33,855.70	32,968.30	21,251.40	14,316.70	15,173.50	13,244.70	13,849.30	15,528.10	12,499.50	12,570.50	13,566.50	14,179.00	15,847.30
United Kingdom	n/a	n/a	n/a	n/a	n/a	n/a	n/a	n/a	n/a	n/a	9,935.52	10,209.30	10,822.00	11,399.30	11,207.20	11,193.00	11,250.90	11,209.90	11,809.30	12,313.80	12,288.70	12,304.40	12,443.30	12,961.00	13,240.10	13,723.30	14,576.60	15,346.10	16,499.90	17,031.30	17,146.10	16,740.50	16,958.40	17,651.30	18,226.10	18,571.30	19,208.70	20,059.40	20,852.80	21,713.50	22,617.90	23,330.70	23,985.70	24,685.20	25,333.70	25,804.00	26,028.30	26,437.90	26,128.50	25,222.00	25,337.20	25,138.10	25,362.70	25,869.20	26,267.30	26,838.00	27,606.60	28,025.70	28,296.70	28,412.10
United States	n/a	n/a	n/a	n/a	n/a	n/a	n/a	n/a	n/a	n/a	14,407.50	14,769.80	15,507.50	16,120.30	15,839.90	16,040.10	16,774.00	17,308.00	17,875.00	18,099.10	17,870.30	17,941.10	18,031.00	18,878.30	19,700.20	20,537.40	21,188.50	21,713.00	22,415.50	22,852.20	23,050.60	22,785.70	23,298.80	23,794.60	24,415.30	24,838.10	25,402.70	26,043.80	27,109.10	28,211.30	29,316.80	29,759.20	30,241.80	30,935.80	31,800.80	32,631.30	33,308.20	33,726.20	33,337.90	32,632.40	32,929.60	33,310.30	33,566.00	33,821.00	34,569.70	35,622.00	36,346.50	37,067.80	37,873.60	38,604.60
Virgin Islands, US	n/a	n/a	n/a	n/a	n/a	n/a	n/a	n/a	n/a	n/a	n/a	n/a	n/a	n/a	n/a	n/a	n/a	n/a	n/a	n/a	n/a	n/a	n/a	n/a	n/a	n/a	n/a	n/a	n/a	n/a	n/a	n/a	n/a	n/a	n/a	n/a	n/a	n/a	n/a	n/a	n/a	n/a	19,471.40	19,957.80	20,833.80	22,462.10	23,844.50	22,607.60	21,622.80	22,135.80	22,407.20	22,224.40	21,514.50	21,009.20	20,965.20	21,516.50	21,613.10	21,123.40	n/a	n/a
South Asia
Bangladesh	619.81	656.82	627.70	640.23	687.77	670.58	660.81	636.75	635.95	643.07	682.38	645.31	595.54	504.38	472.28	442.00	431.53	368.27	414.86	416.33	421.74	396.82	374.33	374.28	390.92	385.83	386.54	386.81	391.52	385.21	404.69	394.13	400.64	405.39	411.34	417.74	408.54	404.20	402.58	410.26	422.35	431.58	428.28	437.98	456.69	480.25	507.22	538.28	553.33	559.73	578.95	609.52	627.31	651.89	670.30	701.41	714.63	759.52	834.44	858.20
Bhutan	n/a	n/a	n/a	n/a	n/a	n/a	n/a	n/a	n/a	n/a	n/a	n/a	n/a	n/a	n/a	n/a	n/a	n/a	n/a	n/a	n/a	n/a	n/a	n/a	n/a	n/a	n/a	n/a	n/a	n/a	n/a	n/a	n/a	n/a	n/a	n/a	n/a	n/a	n/a	n/a	568.25	517.89	609.05	698.15	746.31	899.21	574.56	982.00	889.15	977.90	1,022.93	1,071.93	1,032.02	1,634.29	1,551.66	1,744.91	1,639.56	1,703.33	1,931.03	2,026.07
India	268.21	267.39	265.42	269.69	279.94	274.42	272.26	281.71	283.06	287.32	290.60	289.64	284.95	285.23	278.44	287.50	286.55	302.90	314.14	300.13	319.68	325.91	321.60	338.61	340.46	346.75	349.83	354.01	368.12	378.31	387.09	387.46	389.56	398.57	409.89	426.58	451.11	456.00	476.79	496.72	504.80	525.69	531.72	554.00	573.31	606.40	626.57	662.13	681.55	705.61	742.93	787.85	820.78	870.36	915.46	977.07	1,045.06	1,105.88	1,172.81	1,222.30
Nepal	n/a	n/a	n/a	n/a	n/a	n/a	n/a	n/a	n/a	n/a	n/a	n/a	n/a	n/a	n/a	n/a	n/a	n/a	n/a	n/a	n/a	n/a	n/a	n/a	n/a	n/a	n/a	n/a	n/a	n/a	n/a	n/a	n/a	n/a	n/a	n/a	n/a	n/a	n/a	n/a	n/a	369.90	377.16	383.57	382.12	395.01	411.20	419.13	419.95	440.18	465.37	467.54	542.87	558.86	582.61	596.89	587.11	594.42	604.25	626.04
Pakistan	n/a	n/a	n/a	n/a	n/a	n/a	n/a	n/a	n/a	n/a	n/a	n/a	n/a	n/a	n/a	n/a	n/a	n/a	n/a	n/a	n/a	n/a	n/a	n/a	n/a	n/a	551.78	553.38	591.01	578.05	586.47	562.35	618.05	614.21	618.21	643.60	670.10	678.47	669.71	699.84	684.33	690.46	686.12	694.07	721.89	781.53	783.56	798.96	808.89	787.22	787.12	805.63	828.38	828.48	856.66	863.26	909.89	966.95	1,006.15	1,014.73
Sri Lanka	415.12	379.70	404.42	373.18	380.69	366.08	394.97	386.27	419.46	450.18	425.10	407.94	375.26	419.53	410.39	423.62	419.46	460.80	474.69	480.16	511.58	693.62	708.35	733.51	800.77	844.25	819.96	839.10	838.49	875.87	814.06	859.87	892.48	949.79	1,003.29	1,046.15	1,028.73	1,094.83	1,171.26	1,239.52	1,271.94	1,273.59	1,365.95	1,466.90	1,501.91	1,514.38	1,601.20	1,652.01	1,763.48	1,767.68	1,916.39	2,091.82	2,136.15	2,284.76	2,346.35	2,499.53	2,654.10	2,718.59	2,788.91	2,853.43
Sub-Saharan Africa
Angola	n/a	n/a	n/a	n/a	n/a	n/a	n/a	n/a	n/a	n/a	n/a	n/a	n/a	n/a	n/a	n/a	n/a	n/a	n/a	n/a	n/a	n/a	n/a	n/a	n/a	n/a	n/a	n/a	n/a	n/a	n/a	n/a	n/a	n/a	n/a	n/a	n/a	n/a	n/a	n/a	n/a	n/a	1,036.23	1,084.15	1,088.83	1,103.85	1,132.85	1,157.21	1,206.15	1,282.22	1,284.38	1,365.47	1,446.88	1,511.83	1,644.89	1,636.31	1,675.19	1,667.45	1,558.63	1,477.87
Benin	616.06	617.58	601.34	641.46	687.05	723.64	782.56	785.90	796.67	782.01	777.26	767.69	780.17	791.90	777.94	744.35	725.33	792.97	793.61	813.22	834.56	886.11	761.29	727.73	764.78	826.42	789.89	750.96	812.21	729.97	668.37	707.47	723.10	735.16	672.66	678.38	695.05	708.16	724.99	741.33	773.73	783.62	792.97	790.06	797.66	790.56	801.50	808.24	819.82	819.69	813.34	820.47	813.11	822.74	829.65	849.34	842.19	848.02	854.03	860.24
Botswana	n/a	n/a	n/a	n/a	n/a	n/a	n/a	n/a	n/a	n/a	n/a	n/a	n/a	n/a	n/a	864.19	920.26	962.87	1,043.74	1,129.60	1,109.77	1,050.63	966.52	871.95	903.44	1,021.45	1,051.53	1,013.46	1,062.86	1,282.79	1,518.52	1,620.02	1,555.58	1,480.42	1,478.30	1,687.42	1,736.95	1,924.92	1,920.95	1,880.60	1,818.81	1,705.12	1,758.13	1,750.98	1,773.01	1,927.44	2,214.55	2,492.88	2,861.80	2,961.61	3,162.47	3,363.67	3,278.82	3,569.60	3,554.99	3,641.55	3,655.53	3,815.12	3,884.31	3,932.70
Burkina Faso	n/a	n/a	n/a	n/a	n/a	295.00	294.17	329.37	329.91	331.92	307.06	307.81	289.36	281.72	293.37	306.63	320.90	350.20	340.51	341.81	358.86	365.01	362.24	354.71	323.73	330.11	367.13	339.24	349.03	333.69	315.27	323.10	316.75	328.80	255.90	291.15	335.16	333.94	367.70	417.89	408.21	401.78	411.36	420.19	434.95	445.34	450.68	444.54	462.55	453.41	463.81	475.52	505.18	521.41	512.90	516.45	522.94	526.03	531.29	546.21
Burundi	n/a	n/a	n/a	n/a	n/a	n/a	n/a	n/a	n/a	n/a	n/a	n/a	n/a	n/a	n/a	n/a	n/a	n/a	n/a	n/a	n/a	n/a	n/a	n/a	n/a	n/a	n/a	n/a	n/a	n/a	n/a	n/a	n/a	n/a	n/a	n/a	n/a	184.51	198.40	190.88	185.35	182.59	192.36	180.57	181.93	198.50	212.20	202.33	202.54	196.61	189.82	198.28	199.70	213.93	215.14	204.18	194.43	188.64	189.16	188.83
Cabo Verde	n/a	n/a	n/a	n/a	n/a	n/a	n/a	n/a	n/a	n/a	n/a	n/a	n/a	n/a	n/a	n/a	n/a	n/a	n/a	n/a	n/a	n/a	n/a	n/a	n/a	n/a	n/a	n/a	n/a	n/a	n/a	n/a	n/a	n/a	n/a	n/a	n/a	n/a	n/a	n/a	n/a	n/a	n/a	n/a	n/a	n/a	n/a	2,073.93	2,082.04	2,182.21	2,129.03	2,148.05	2,191.97	2,203.00	2,201.14	2,243.14	2,270.40	2,403.78	2,411.54	2,524.66
Cameroon	699.87	694.83	701.43	705.64	709.20	689.19	691.60	584.27	632.61	627.72	619.88	659.96	632.90	612.72	652.01	742.26	669.36	778.70	840.36	877.07	729.72	839.32	927.83	892.75	870.50	892.55	1,073.00	1,087.03	928.99	780.40	740.85	701.66	614.18	692.67	703.40	699.41	708.44	751.71	759.13	785.68	810.11	819.44	821.01	853.13	866.86	886.27	890.42	904.36	909.77	900.62	902.93	904.86	921.00	951.74	975.30	999.91	1,006.22	1,022.05	1,042.54	1,061.67
Central African Republic	n/a	n/a	n/a	n/a	n/a	n/a	n/a	n/a	n/a	n/a	n/a	n/a	n/a	n/a	n/a	n/a	n/a	n/a	n/a	n/a	n/a	n/a	n/a	n/a	n/a	n/a	n/a	n/a	n/a	n/a	n/a	n/a	n/a	n/a	n/a	n/a	n/a	n/a	n/a	n/a	n/a	n/a	n/a	n/a	n/a	n/a	n/a	n/a	n/a	419.30	401.92	399.20	431.93	232.95	237.89	240.76	259.59	258.04	288.03	284.40
Chad	n/a	n/a	n/a	n/a	n/a	n/a	n/a	n/a	n/a	n/a	n/a	n/a	n/a	n/a	n/a	n/a	n/a	n/a	n/a	n/a	n/a	n/a	n/a	n/a	n/a	n/a	n/a	n/a	n/a	n/a	n/a	n/a	n/a	n/a	n/a	n/a	n/a	n/a	n/a	n/a	n/a	n/a	n/a	n/a	n/a	n/a	n/a	517.79	527.62	567.50	584.50	584.51	614.53	646.53	668.59	624.73	578.15	561.75	548.84	540.15
Comoros	n/a	n/a	n/a	n/a	n/a	n/a	n/a	n/a	n/a	n/a	n/a	n/a	n/a	n/a	n/a	n/a	n/a	n/a	n/a	n/a	1,288.60	1,297.20	1,340.59	1,366.96	1,384.55	1,376.78	1,362.53	1,344.79	1,340.68	1,260.13	1,285.80	1,181.19	1,245.02	1,245.83	1,146.90	1,155.52	1,109.70	1,123.78	1,108.53	1,101.10	1,190.14	1,188.26	1,186.87	1,183.31	1,177.72	1,182.62	1,185.25	1,157.85	1,182.34	1,203.84	1,197.47	1,222.63	1,244.73	1,256.44	1,245.25	1,225.41	1,236.03	1,258.96	1,253.85	1,234.27
Congo, Democratic Republic of	n/a	n/a	n/a	n/a	n/a	n/a	n/a	n/a	n/a	n/a	n/a	n/a	n/a	n/a	n/a	n/a	n/a	n/a	n/a	n/a	n/a	n/a	n/a	n/a	n/a	n/a	n/a	n/a	n/a	n/a	n/a	n/a	n/a	283.70	285.53	280.95	262.37	241.00	249.64	230.18	227.17	219.23	191.74	229.84	232.97	241.48	234.08	243.19	236.65	234.05	242.00	219.63	246.74	268.89	280.33	289.26	286.68	284.05	280.30	287.14
Congo, Republic of	809.98	782.67	699.10	620.71	616.00	601.79	537.64	500.11	551.92	602.34	615.91	591.16	569.38	542.50	508.49	501.72	575.36	486.85	532.57	457.07	533.38	618.81	884.67	712.69	742.29	749.04	678.88	669.22	653.49	638.51	579.85	650.87	490.59	543.26	630.19	727.84	808.59	776.50	423.89	792.73	750.72	893.94	642.41	696.48	726.14	816.70	841.99	874.83	921.69	913.40	899.79	925.75	920.86	898.10	944.15	988.52	946.05	834.25	844.68	823.03
Cote d'Ivoire	n/a	n/a	n/a	n/a	n/a	n/a	n/a	n/a	n/a	n/a	n/a	n/a	n/a	n/a	n/a	n/a	n/a	n/a	n/a	n/a	n/a	n/a	n/a	n/a	n/a	n/a	n/a	n/a	n/a	n/a	n/a	n/a	n/a	n/a	n/a	n/a	n/a	n/a	n/a	n/a	n/a	n/a	n/a	n/a	n/a	n/a	n/a	n/a	785.06	796.24	813.75	760.95	814.04	827.66	889.68	986.65	1,069.07	1,117.94	n/a	n/a
Equatorial Guinea	n/a	n/a	n/a	n/a	n/a	n/a	n/a	n/a	n/a	n/a	n/a	n/a	n/a	n/a	n/a	n/a	n/a	n/a	n/a	n/a	n/a	n/a	n/a	n/a	n/a	n/a	n/a	n/a	n/a	n/a	n/a	n/a	n/a	n/a	n/a	n/a	n/a	n/a	n/a	n/a	n/a	n/a	n/a	n/a	n/a	2,272.59	3,644.12	3,818.49	4,029.07	3,907.93	4,047.12	4,025.31	4,113.91	4,645.63	4,616.56	4,518.88	4,468.89	4,449.49	4,547.45	4,499.67
Eritrea	n/a	n/a	n/a	n/a	n/a	n/a	n/a	n/a	n/a	n/a	n/a	n/a	n/a	n/a	n/a	n/a	n/a	n/a	n/a	n/a	n/a	n/a	n/a	n/a	n/a	n/a	n/a	n/a	n/a	n/a	n/a	n/a	1,257.91	1,143.20	1,414.36	1,271.02	1,399.08	1,645.93	1,230.76	922.66	690.01	741.14	819.23	813.34	896.46	793.81	725.80	660.48	564.83	617.24	570.10	463.16	n/a	n/a	n/a	n/a	n/a	n/a	n/a	n/a
Eswatini	n/a	n/a	n/a	n/a	n/a	n/a	n/a	n/a	n/a	n/a	n/a	n/a	n/a	n/a	n/a	n/a	n/a	n/a	n/a	n/a	2,149.51	1,903.40	2,048.66	1,978.59	1,924.94	1,678.72	1,339.63	1,321.03	1,084.14	1,128.50	1,367.36	1,393.77	1,446.85	1,580.10	1,352.86	1,661.57	1,839.86	1,822.74	1,919.00	1,986.58	2,388.74	2,412.48	2,427.90	2,414.32	2,598.08	2,872.06	2,984.22	2,986.65	2,981.63	2,933.63	3,108.32	3,253.80	3,257.24	3,293.35	3,310.74	3,237.87	3,137.25	3,270.94	3,278.02	3,198.89
Gabon	1,018.87	1,092.00	1,203.34	1,553.43	1,620.58	1,843.92	1,614.26	1,997.56	1,986.93	2,027.48	2,092.39	2,217.30	2,343.58	2,674.27	2,211.04	2,264.85	2,572.64	2,793.92	3,764.68	3,325.58	3,284.79	3,531.55	3,079.90	3,680.53	3,280.56	3,009.53	3,637.02	2,970.77	2,543.77	3,352.62	3,162.33	3,017.77	2,868.03	2,769.71	2,411.27	2,389.03	2,107.99	2,040.63	2,408.93	2,486.19	2,535.36	2,468.30	2,462.00	2,409.75	2,415.54	2,469.55	2,549.54	2,564.80	2,568.85	2,611.04	2,711.67	2,802.94	2,866.63	2,985.31	3,039.09	3,059.92	3,036.47	2,965.12	2,877.38	2,843.01
Gambia, The	n/a	n/a	n/a	n/a	n/a	n/a	n/a	n/a	n/a	n/a	n/a	n/a	n/a	n/a	n/a	n/a	n/a	n/a	n/a	n/a	n/a	n/a	n/a	n/a	n/a	n/a	n/a	n/a	n/a	n/a	n/a	n/a	n/a	n/a	n/a	n/a	n/a	n/a	n/a	n/a	n/a	n/a	n/a	n/a	764.60	746.18	697.14	726.98	767.31	774.91	803.05	731.64	700.93	757.11	738.22	722.51	705.13	749.73	798.56	807.46
Ghana	n/a	n/a	n/a	n/a	n/a	n/a	n/a	n/a	n/a	n/a	n/a	n/a	n/a	n/a	n/a	n/a	n/a	n/a	n/a	n/a	n/a	n/a	n/a	n/a	n/a	n/a	n/a	n/a	n/a	n/a	n/a	n/a	n/a	n/a	n/a	n/a	n/a	n/a	n/a	n/a	n/a	n/a	n/a	n/a	n/a	n/a	920.76	951.48	1,067.47	1,063.03	1,216.36	1,257.63	1,306.40	1,529.39	1,621.16	1,625.08	1,579.70	1,571.21	1,680.98	1,713.41
Guinea	n/a	n/a	n/a	n/a	n/a	n/a	n/a	n/a	n/a	n/a	n/a	n/a	n/a	n/a	n/a	n/a	n/a	n/a	n/a	n/a	n/a	n/a	n/a	n/a	n/a	n/a	n/a	n/a	n/a	n/a	n/a	n/a	n/a	n/a	n/a	n/a	n/a	n/a	n/a	n/a	n/a	n/a	n/a	n/a	n/a	n/a	582.44	604.78	573.43	560.15	537.74	547.05	577.23	612.71	585.22	596.36	607.99	634.44	625.42	631.67
Guinea-Bissau	n/a	n/a	n/a	n/a	n/a	n/a	n/a	n/a	n/a	n/a	n/a	n/a	n/a	n/a	n/a	n/a	n/a	n/a	n/a	n/a	n/a	n/a	n/a	n/a	n/a	n/a	n/a	n/a	n/a	n/a	n/a	n/a	n/a	n/a	n/a	n/a	n/a	n/a	n/a	n/a	480.27	534.50	534.51	490.48	514.62	484.29	500.32	493.33	509.47	509.85	560.03	530.94	516.52	511.53	477.53	517.00	558.47	635.17	643.07	n/a
Kenya	504.33	494.91	517.82	502.11	519.69	542.79	566.63	577.12	504.39	501.95	438.44	613.16	668.99	602.49	667.36	630.26	575.68	601.48	662.48	663.21	654.08	605.75	601.19	559.67	581.51	521.93	598.71	627.53	657.10	672.39	648.13	642.13	615.39	587.11	579.75	641.45	639.22	645.00	655.91	664.17	643.71	652.37	640.26	636.88	634.78	657.57	703.17	720.19	689.89	701.97	734.27	759.63	782.25	825.53	839.02	860.61	879.84	922.99	960.52	986.01
Lesotho	5.18	5.24	6.00	6.80	7.28	7.50	8.59	8.36	8.45	8.63	9.17	10.29	12.09	16.07	20.62	24.29	29.99	36.37	40.16	46.42	53.05	62.53	71.50	82.95	92.88	99.77	111.61	113.84	138.00	158.59	165.38	197.24	209.30	224.99	232.30	249.25	274.23	333.83	463.74	491.61	525.93	533.31	625.92	670.53	717.35	776.55	852.58	969.76	997.86	995.04	1,048.17	1,111.86	1,142.51	1,206.74	1,182.26	1,101.15	1,100.23	1,108.62	1,007.52	1,006.39
Liberia	n/a	n/a	n/a	n/a	n/a	n/a	n/a	n/a	n/a	n/a	n/a	n/a	n/a	n/a	n/a	n/a	n/a	n/a	n/a	n/a	n/a	n/a	n/a	n/a	n/a	n/a	n/a	n/a	n/a	n/a	n/a	n/a	n/a	n/a	n/a	n/a	n/a	n/a	n/a	n/a	694.72	449.26	497.76	412.15	266.36	355.38	444.56	434.88	425.03	702.06	717.82	690.26	618.72	621.34	675.97	699.61	631.90	648.20	694.57	658.90
Madagascar	708.60	686.34	687.59	686.74	690.27	668.34	664.06	650.54	684.03	692.22	718.41	735.59	702.49	664.78	626.72	610.77	562.43	571.58	543.29	590.66	572.85	508.32	485.50	450.85	462.61	467.61	446.80	413.97	406.30	365.65	415.72	376.70	368.33	372.92	361.90	354.82	350.86	355.72	365.46	368.87	370.27	361.83	352.98	374.57	382.68	371.14	367.21	333.95	344.46	343.33	349.17	347.48	348.38	361.91	343.11	343.95	347.40	342.10	343.25	346.28
Malawi	n/a	n/a	n/a	n/a	n/a	n/a	n/a	n/a	n/a	n/a	n/a	n/a	n/a	n/a	n/a	n/a	n/a	n/a	n/a	n/a	n/a	n/a	n/a	n/a	n/a	n/a	n/a	n/a	n/a	n/a	n/a	n/a	n/a	n/a	n/a	n/a	n/a	n/a	n/a	n/a	n/a	n/a	322.36	332.85	344.01	347.70	345.33	311.52	334.90	324.14	359.09	395.32	434.84	381.90	411.58	419.83	484.60	511.10	508.11	514.17
Mali	n/a	n/a	n/a	n/a	n/a	n/a	n/a	384.37	389.66	384.18	397.83	400.08	416.81	407.95	431.74	451.94	493.90	481.62	499.17	527.00	488.48	502.94	464.19	469.91	466.37	442.91	409.88	373.79	402.35	385.10	379.08	444.78	398.26	418.36	403.45	403.36	419.19	399.21	393.89	420.36	401.76	418.28	397.21	415.18	420.29	434.46	439.58	450.06	470.26	481.13	515.64	511.18	502.18	525.91	554.65	572.47	588.24	590.34	590.03	594.37
Mauritania	n/a	n/a	n/a	n/a	509.83	610.05	586.11	669.04	753.70	716.60	814.27	791.61	694.18	716.02	1,009.18	1,003.92	1,264.60	1,041.72	881.04	913.71	793.35	862.43	1,095.41	874.69	770.38	692.26	862.31	788.26	671.23	780.63	826.48	766.57	711.08	676.19	736.26	709.23	780.21	723.07	794.29	811.63	806.25	788.13	799.08	810.91	800.33	817.07	831.76	874.44	905.70	900.56	904.87	905.38	942.87	933.86	934.17	946.85	959.81	958.18	957.18	953.18
Mauritius	n/a	n/a	n/a	n/a	n/a	n/a	n/a	n/a	n/a	n/a	n/a	n/a	n/a	n/a	n/a	n/a	1,694.34	1,767.82	1,794.62	1,780.14	1,652.60	1,578.25	1,614.81	1,631.26	1,686.96	1,758.55	1,867.20	2,218.35	2,392.55	2,545.30	2,653.58	2,757.63	2,852.55	2,969.58	3,099.44	3,219.90	3,344.22	3,470.88	3,646.18	3,746.41	3,854.30	3,937.32	4,039.39	4,198.66	4,520.02	4,817.84	5,079.94	5,282.48	5,616.52	5,718.72	5,855.53	5,992.59	6,139.78	6,287.90	6,441.60	6,617.79	6,808.78	7,022.37	7,244.18	7,474.77
Mozambique	n/a	n/a	n/a	n/a	n/a	n/a	n/a	n/a	n/a	n/a	n/a	n/a	n/a	n/a	n/a	n/a	n/a	n/a	n/a	n/a	276.52	263.93	254.63	201.36	195.30	181.15	187.29	208.14	214.84	227.95	215.79	221.63	196.36	197.16	194.67	198.66	209.18	218.02	223.57	229.87	222.15	217.55	284.90	291.75	295.34	307.08	312.04	326.70	335.18	346.28	349.05	356.38	390.98	405.69	418.21	413.58	429.06	419.16	426.91	434.11
Namibia	n/a	n/a	n/a	n/a	n/a	n/a	n/a	n/a	n/a	n/a	n/a	n/a	n/a	n/a	n/a	n/a	n/a	n/a	n/a	n/a	2,158.21	2,885.61	2,878.08	2,680.94	2,703.91	2,258.96	2,355.30	2,691.41	2,426.84	2,409.38	1,926.02	2,141.31	2,012.84	1,959.39	1,926.07	1,940.85	2,102.19	2,213.02	2,249.53	2,238.22	2,327.53	2,496.55	2,423.01	2,585.73	2,595.36	2,574.57	2,751.64	2,868.61	3,177.02	3,553.37	3,296.99	3,526.65	3,798.02	4,085.03	4,144.41	4,629.43	5,059.68	4,694.93	4,547.09	4,652.89
Niger	n/a	n/a	n/a	n/a	n/a	n/a	n/a	n/a	n/a	n/a	n/a	n/a	n/a	n/a	n/a	n/a	n/a	n/a	n/a	n/a	n/a	n/a	n/a	n/a	n/a	n/a	n/a	n/a	n/a	n/a	395.32	395.96	362.34	375.66	370.35	377.69	353.96	351.38	349.11	347.50	330.84	341.00	345.25	345.47	344.89	336.44	336.92	337.38	324.98	332.45	340.75	340.93	352.35	354.36	347.73	354.41	375.76	385.47	391.09	394.00
Nigeria	n/a	n/a	n/a	n/a	n/a	n/a	n/a	n/a	n/a	n/a	n/a	n/a	n/a	n/a	n/a	n/a	n/a	n/a	n/a	n/a	n/a	1,072.93	923.35	694.17	717.25	858.45	758.18	697.22	726.52	653.95	789.10	814.71	928.90	831.25	730.90	748.27	875.73	826.51	803.49	716.76	711.40	1,105.76	1,242.34	1,341.64	1,310.70	1,440.13	1,210.56	1,586.89	1,298.47	1,546.08	1,531.51	1,445.48	1,407.32	1,658.77	1,625.06	1,605.60	1,474.34	1,422.71	1,458.77	1,387.75
Rwanda	266.22	249.84	284.29	260.96	207.80	215.80	230.60	244.52	258.24	283.12	282.16	274.85	253.63	239.46	241.87	209.26	238.03	241.87	263.60	297.65	311.40	306.13	288.14	319.82	266.94	250.55	269.09	242.82	256.51	251.29	247.88	283.72	303.62	309.10	255.78	264.32	276.64	284.66	298.61	322.39	340.89	343.01	380.61	358.17	376.90	402.35	433.62	433.88	455.88	487.67	501.66	533.23	554.76	563.96	585.43	639.44	649.32	625.18	664.13	662.70
Senegal	967.60	960.15	944.16	978.38	984.41	920.34	924.39	905.62	911.67	791.77	823.82	806.41	776.15	748.76	751.09	795.26	854.50	840.74	829.36	858.16	850.28	812.18	873.01	836.34	847.41	827.26	890.00	895.37	896.56	897.58	868.48	861.51	858.29	876.96	814.79	818.14	818.83	809.33	851.88	867.40	875.49	897.66	913.97	936.32	955.38	978.59	997.99	1,008.58	1,024.54	1,024.79	1,019.61	1,000.26	1,008.70	1,008.11	1,028.59	1,044.51	1,069.32	1,090.54	1,126.82	1,127.82
Seychelles	n/a	n/a	n/a	n/a	n/a	n/a	n/a	n/a	n/a	n/a	n/a	n/a	n/a	n/a	n/a	n/a	n/a	n/a	n/a	n/a	n/a	n/a	n/a	n/a	n/a	n/a	n/a	n/a	n/a	n/a	n/a	n/a	n/a	n/a	n/a	n/a	n/a	n/a	n/a	n/a	n/a	n/a	n/a	n/a	n/a	n/a	n/a	n/a	n/a	n/a	5,432.34	n/a	n/a	n/a	n/a	n/a	n/a	n/a	n/a	n/a
Sierra Leone	n/a	n/a	n/a	n/a	n/a	n/a	n/a	n/a	n/a	n/a	n/a	n/a	n/a	n/a	n/a	n/a	n/a	n/a	n/a	n/a	523.76	498.04	479.19	434.25	414.89	375.97	356.56	388.99	324.69	343.46	283.99	281.08	253.34	269.03	220.21	272.22	286.27	236.83	226.99	209.33	207.29	257.37	303.29	310.29	308.74	303.06	296.97	316.81	335.83	360.85	306.21	399.67	419.04	530.94	440.78	430.42	465.86	454.81	504.21	819.19
South Africa	2,126.91	2,119.91	2,132.27	2,213.46	2,334.76	2,357.74	2,405.39	2,449.46	2,562.38	2,670.15	2,771.21	2,825.39	2,868.24	3,004.18	3,079.41	3,109.80	3,080.39	2,979.36	2,954.80	2,953.05	3,124.80	3,264.29	3,242.42	3,249.00	3,307.81	3,111.65	3,040.56	3,083.97	3,173.46	3,185.18	3,199.20	3,105.15	2,985.48	2,968.16	3,016.30	3,127.85	3,205.42	3,252.37	3,256.41	3,263.96	3,351.47	3,422.60	3,486.83	3,541.95	3,717.44	3,896.91	4,185.69	4,401.30	4,395.57	4,222.51	4,325.25	4,478.84	4,571.68	4,588.56	4,553.77	4,571.35	4,531.07	4,559.78	4,579.96	4,566.31
South Sudan	n/a	n/a	n/a	n/a	n/a	n/a	n/a	n/a	n/a	n/a	n/a	n/a	n/a	n/a	n/a	n/a	n/a	n/a	n/a	n/a	n/a	n/a	n/a	n/a	n/a	n/a	n/a	n/a	n/a	n/a	n/a	n/a	n/a	n/a	n/a	n/a	n/a	n/a	n/a	n/a	n/a	n/a	n/a	n/a	n/a	n/a	n/a	n/a	590.88	588.76	636.61	585.84	594.82	605.50	555.20	423.64	n/a	n/a	n/a	n/a
Sudan	900.68	844.58	851.20	815.45	796.49	826.09	704.62	652.31	635.75	588.95	609.76	642.60	578.13	550.30	656.44	744.70	851.90	950.70	892.88	803.46	805.53	858.50	927.18	937.99	894.46	800.46	692.17	667.24	684.15	693.07	714.41	740.18	764.00	792.71	798.41	779.91	786.21	808.71	821.19	830.28	775.47	829.21	822.40	795.63	878.67	906.78	980.62	978.87	946.71	958.67	983.46	1,041.22	1,087.63	1,101.04	1,100.04	1,111.46	1,117.67	1,123.95	1,062.27	1,011.23
Tanzania	n/a	n/a	n/a	n/a	n/a	n/a	n/a	n/a	n/a	n/a	n/a	n/a	n/a	n/a	n/a	n/a	n/a	n/a	n/a	n/a	n/a	n/a	n/a	n/a	n/a	n/a	n/a	n/a	n/a	n/a	328.98	324.49	314.10	309.20	304.31	308.20	321.64	341.27	380.89	390.16	385.29	386.35	397.83	394.37	406.55	429.05	456.35	468.05	455.10	445.39	490.99	529.97	499.68	505.07	506.69	527.72	523.25	519.39	n/a	n/a
Togo	307.12	337.93	340.13	359.67	338.94	353.53	410.19	442.58	456.34	471.55	467.12	261.15	275.79	299.55	325.11	241.56	360.90	351.45	311.71	334.51	348.82	370.85	385.25	347.30	384.85	441.42	391.75	362.16	418.14	414.77	388.81	407.40	419.72	316.33	330.11	354.05	440.10	461.03	466.04	459.24	435.44	425.33	433.11	445.44	427.56	399.11	406.20	421.62	422.94	425.09	430.32	429.31	424.28	436.00	445.59	453.44	458.10	451.57	470.49	497.04
Uganda	n/a	n/a	n/a	n/a	n/a	n/a	n/a	n/a	n/a	n/a	n/a	n/a	n/a	n/a	n/a	n/a	n/a	n/a	n/a	n/a	n/a	n/a	351.97	369.13	346.87	324.28	314.82	311.98	326.75	336.49	342.69	347.21	344.65	357.27	363.58	406.48	422.10	420.75	436.99	457.52	452.80	449.14	471.38	473.08	469.48	479.75	522.30	553.76	542.64	624.25	629.10	645.80	675.82	655.11	649.42	695.68	679.65	656.10	688.24	708.27
Zambia	n/a	n/a	n/a	n/a	n/a	n/a	n/a	n/a	n/a	n/a	n/a	n/a	n/a	n/a	n/a	n/a	n/a	n/a	n/a	n/a	n/a	n/a	n/a	n/a	n/a	n/a	n/a	n/a	n/a	n/a	n/a	n/a	n/a	n/a	n/a	n/a	n/a	n/a	n/a	n/a	n/a	n/a	n/a	n/a	n/a	n/a	n/a	n/a	n/a	n/a	813.12	n/a	n/a	n/a	n/a	n/a	n/a	n/a	n/a	n/a
Zimbabwe	n/a	n/a	n/a	n/a	n/a	n/a	n/a	n/a	n/a	n/a	n/a	n/a	n/a	n/a	n/a	n/a	n/a	n/a	n/a	n/a	n/a	n/a	n/a	n/a	n/a	n/a	n/a	n/a	n/a	n/a	n/a	n/a	n/a	n/a	n/a	n/a	n/a	n/a	n/a	n/a	n/a	n/a	n/a	n/a	n/a	n/a	n/a	n/a	n/a	807.75	851.26	857.93	1,042.93	1,012.21	969.20	1,135.08	1,000.46	999.79	919.85	n/a